,title,url,languages
0,IzakOOO,/izakooo,Polish
1,Nervarien,/nervarien,Polish
2,PAGO3,/pago3,Polish
3,EWROON,/ewroon,Polish
4,Xayoo_,/xayoo_,Polish
5,Overpow,/overpow,Polish
6,H2P_Gucio,/h2p_gucio,Polish
7,Kubon_,/kubon_,Polish
8,pashaBiceps,/pashabiceps,Polish
9,ArQuel,/arquel,Polish
10,BlackFIreIce,/blackfireice,Polish
11,Mandzio,/mandzio,Polish
12,Bonkol,/bonkol,Polish
13,Jacob4TV,/jacob4tv,Polish
14,ZONY,/zony,Polish
15,RandomBruceTV,/randombrucetv,Polish
16,Nieuczesana,/nieuczesana,Polish
17,Japczan,/japczan,Polish
18,Diables,/diables,Polish
19,xth0rek,/xth0rek,Polish
20,demonzz1,/demonzz1,Polish
21,inet_saju,/inet_saju,Polish
22,Kasix,/kasix,Polish
23,isamu,/isamu,Polish
24,RybsonLoL_,/rybsonlol_,Polish
25,Slayproxx,/slayproxx,Polish
26,Popo,/popo,Polish
27,dorianlych,/dorianlych,Polish
28,peVoR13,/pevor13,Polish
29,xntentacion,/xntentacion,Polish
30,Kubx,/kubx,Polish
31,Gluhammer,/gluhammer,Polish
32,delordione,/delordione,Polish
33,MaaiLinh,/maailinh,Polish
34,qlnek,/qlnek,Polish
35,pisicela,/pisicela,Polish
36,vysotzky,/vysotzky,Polish
37,YoungMulti,/youngmulti,Polish
38,pajalockk,/pajalockk,Polish
39,AikoiEmil,/aikoiemil,Polish
40,KamiFN1,/kamifn1,Polish
41,PLKDAMIAN,/plkdamian,Polish
42,remsua,/remsua,Polish
43,Diabeuu6,/diabeuu6,Polish
44,Matek,/matek,Polish
45,Yuna,/yuna,Polish
46,MrCreatifee,/mrcreatifee,Polish
47,liinshii,/liinshii,Polish
48,Kalach444,/kalach444,Polish
49,LukiSteve,/lukisteve,Polish
50,xN0rth,/xn0rth,Polish
51,Miniuwa,/miniuwa,Polish
52,Grendy,/grendy,Polish
53,edenitoo,/edenitoo,Polish
54,Navcia,/navcia,Polish
55,holak1337,/holak1337,Polish
56,Snax,/snax,Polish
57,Smaczny,/smaczny,Polish
58,Kasczek,/kasczek,Polish
59,SmerfTV_,/smerftv_,Polish
60,artorr,/artorr,Polish
61,JacexDowozWideo,/jacexdowozwideo,Polish
62,xmerghani,/xmerghani,Polish
63,Nayaax,/nayaax,Polish
64,Setty__,/setty__,Polish
65,Franio,/franio,Polish
66,EnigmaStreamuje,/enigmastreamuje,Polish
67,olszakumpel,/olszakumpel,Polish
68,MokrySuchar,/mokrysuchar,Polish
69,Misilia,/misilia,Polish
70,ElekKartofelek,/elekkartofelek,Polish
71,mlodyo,/mlodyo,Polish
72,wikusiax99,/wikusiax99,Polish
73,Silv4n,/silv4n,Polish
74,RafonixSzef,/rafonixszef,Polish
75,szymoool,/szymoool,Polish
76,matixoxoo_,/matixoxoo_,Polish
77,mlodziutki7,/mlodziutki7,Polish
78,Czukasz,/czukasz,Polish
79,Fextralife,/fextralife,English
80,Ninja,/ninja,English
81,shroud,/shroud,English
82,summit1g,/summit1g,English
83,xQcOW,/xqcow,English
84,LIRIK,/lirik,English
85,sodapoppin,/sodapoppin,English
86,imaqtpie,/imaqtpie,English
87,Amouranth,/amouranth,English
88,Tfue,/tfue,English
89,loltyler1,/loltyler1,English
90,TimTheTatman,/timthetatman,English
91,nl_Kripp,/nl_kripp,English
92,Nightblue3,/nightblue3,English
93,CohhCarnage,/cohhcarnage,English
94,NICKMERCS,/nickmercs,English
95,Asmongold,/asmongold,English
96,pokimane,/pokimane,English
97,DrDisrespect,/drdisrespect,English
98,Sacriel,/sacriel,English
99,DrLupo,/drlupo,English
100,Towelliee,/towelliee,English
101,forsen,/forsen,English
102,Myth,/myth,English
103,Trick2g,/trick2g,English
104,Insomniac,/insomniac,English
105,DansGaming,/dansgaming,English
106,GMHikaru,/gmhikaru,English
107,sneakylol,/sneakylol,English
108,Voyboy,/voyboy,English
109,dakotaz,/dakotaz,English
110,FENGRUSH,/fengrush,English
111,Castro_1021,/castro_1021,English
112,JoshOG,/joshog,English
113,itsHafu,/itshafu,English
114,boxbox,/boxbox,English
115,AdmiralBulldog,/admiralbulldog,English
116,AlcastHQ,/alcasthq,English
117,Destiny,/destiny,English
118,Reckful,/reckful,English
119,Thijs,/thijs,English
120,Scarra,/scarra,English
121,Clix,/clix,English
122,Yassuo,/yassuo,English
123,Amaz,/amaz,English
124,Quin69,/quin69,English
125,Bugha,/bugha,English
126,SypherPK,/sypherpk,English
127,singsing,/singsing,English
128,ludwig,/ludwig,English
129,GoldGlove,/goldglove,English
130,MOONMOON,/moonmoon,English
131,Doublelift,/doublelift,English
132,HasanAbi,/hasanabi,English
133,TFBlade,/tfblade,English
134,Day9tv,/day9tv,English
135,Sykkuno,/sykkuno,English
136,Mongraal,/mongraal,English
137,Symfuhny,/symfuhny,English
138,itmeJP,/itmejp,English
139,Alinity,/alinity,English
140,B0aty,/b0aty,English
141,Froggen,/froggen,English
142,Mizkif,/mizkif,English
143,AdmiralBahroo,/admiralbahroo,English
144,Maximilian_DOOD,/maximilian_dood,English
145,ROSHTEIN,/roshtein,English
146,benjyfishy,/benjyfishy,English
147,Trainwreckstv,/trainwreckstv,English
148,DisguisedToast,/disguisedtoast,English
149,Gorgc,/gorgc,English
150,BotezLive,/botezlive,English
151,Giantwaffle,/giantwaffle,English
152,NickEh30,/nickeh30,English
153,Lobanjicaa,/lobanjicaa,English
154,MANvsGAME,/manvsgame,English
155,Anomaly,/anomaly,English
156,EsfandTV,/esfandtv,English
157,FollowGrubby,/followgrubby,English
158,Method,/method,English
159,IWillDominate,/iwilldominate,English
160,dogdog,/dogdog,English
161,chocoTaco,/chocotaco,English
162,CDNThe3rd,/cdnthe3rd,English
163,Loeya,/loeya,English
164,Greekgodx,/greekgodx,English
165,Hiko,/hiko,English
166,Elajjaz,/elajjaz,English
167,Zizaran,/zizaran,English
168,Sco,/sco,English
169,lilypichu,/lilypichu,English
170,fl0m,/fl0m,English
171,Savjz,/savjz,English
172,tarik,/tarik,English
173,Grimmmz,/grimmmz,English
174,RanbooLive,/ranboolive,English
175,Fresh,/fresh,English
176,tommyinnit,/tommyinnit,English
177,SuperMCGamer,/supermcgamer,English
178,Nadeshot,/nadeshot,English
179,Pestily,/pestily,English
180,Tubbo,/tubbo,English
181,Arteezy,/arteezy,English
182,Shiphtur,/shiphtur,English
183,JERICHO,/jericho,English
184,buddha,/buddha,English
185,cloakzy,/cloakzy,English
186,Aydan,/aydan,English
187,ONSCREEN,/onscreen,English
188,aceu,/aceu,English
189,bateson87,/bateson87,English
190,Jinnytty,/jinnytty,English
191,Loserfruit,/loserfruit,English
192,cdewx,/cdewx,English
193,TSM_ImperialHal,/tsm_imperialhal,English
194,Jankos,/jankos,English
195,TSM_Daequan,/tsm_daequan,English
196,Mathil1,/mathil1,English
197,SimCopter1,/simcopter1,English
198,Nick28T,/nick28t,English
199,QuickyBaby,/quickybaby,English
200,LVNDMARK,/lvndmark,English
201,moistcr1tikal,/moistcr1tikal,English
202,KingGothalion,/kinggothalion,English
203,TobiasFate,/tobiasfate,English
204,chessbrah,/chessbrah,English
205,xChocoBars,/xchocobars,English
206,Nmplol,/nmplol,English
207,melina,/melina,English
208,x2Twins,/x2twins,English
209,fuslie,/fuslie,English
210,TSM_Viss,/tsm_viss,English
211,Philza,/philza,English
212,TeePee,/teepee,English
213,JASONR,/jasonr,English
214,DatModz,/datmodz,English
215,BobRoss,/bobross,English
216,Indiefoxx,/indiefoxx,English
217,LexVeldhuis,/lexveldhuis,English
218,A_Seagull,/a_seagull,English
219,Chap,/chap,English
220,pokelawls,/pokelawls,English
221,ShivFPS,/shivfps,English
222,bmkibler,/bmkibler,English
223,AnnieFuchsia,/anniefuchsia,English
224,RatedEpicz,/ratedepicz,English
225,Ramee,/ramee,English
226,AustinShow,/austinshow,English
227,scump,/scump,English
228,Swagg,/swagg,English
229,Letshe,/letshe,English
230,RATIRL,/ratirl,English
231,Vinesauce,/vinesauce,English
232,stableronaldo,/stableronaldo,English
233,AdinRoss,/adinross,English
234,ops1x,/ops1x,English
235,Sloot,/sloot,English
236,ProfessorBroman,/professorbroman,English
237,KingRichard,/kingrichard,English
238,GothamChess,/gothamchess,English
239,Leynainu,/leynainu,English
240,TenZ,/tenz,English
241,TrU3Ta1ent,/tru3ta1ent,English
242,CouRageJD,/couragejd,English
243,midbeast,/midbeast,English
244,PimpCSGO,/pimpcsgo,English
245,ShahZaM,/shahzam,English
246,MitchJones,/mitchjones,English
247,miniminter,/miniminter,English
248,imls,/imls,English
249,jakenbakeLIVE,/jakenbakelive,English
250,CobaltStreak,/cobaltstreak,English
251,CompletedItMate,/completeditmate,English
252,Fragnance,/fragnance,English
253,Anthony_Kongphan,/anthony_kongphan,English
254,Becca,/becca,English
255,Sjow,/sjow,English
256,NateHill,/natehill,English
257,Kandyland,/kandyland,English
258,SovietWomble,/sovietwomble,English
259,sinatraa,/sinatraa,English
260,venruki,/venruki,English
261,AsmodaiTV,/asmodaitv,English
262,HusKerrs,/huskerrs,English
263,WARDELL,/wardell,English
264,Northernlion,/northernlion,English
265,LAGTVMaximusBlack,/lagtvmaximusblack,English
266,CaptainSparklez,/captainsparklez,English
267,Emongg,/emongg,English
268,Pink_Sparkles,/pink_sparkles,English
269,AnneMunition,/annemunition,English
270,DanucD,/danucd,English
271,DizzyKitten,/dizzykitten,English
272,MrSavage,/mrsavage,English
273,Xaryu,/xaryu,English
274,BurkeBlack,/burkeblack,English
275,ANGRYPUG,/angrypug,English
276,Naguura,/naguura,English
277,Rekkles,/rekkles,English
278,Distortion2,/distortion2,English
279,HighDistortion,/highdistortion,English
280,Nikolarn,/nikolarn,English
281,dafran,/dafran,English
282,akaNemsko,/akanemsko,English
283,iiTzTimmy,/iitztimmy,English
284,Kitboga,/kitboga,English
285,Anna_Chess,/anna_chess,English
286,limit_maximum,/limit_maximum,English
287,koil,/koil,English
288,RduLIVE,/rdulive,English
289,Taylor_Jevaux,/taylor_jevaux,English
290,NRG_Hamlinz,/nrg_hamlinz,English
291,PsheroTV,/psherotv,English
292,Zerkaa,/zerkaa,English
293,m0E_tv,/m0e_tv,English
294,nugiyen,/nugiyen,English
295,Alkaizerx,/alkaizerx,English
296,Meteos,/meteos,English
297,ScreaM,/scream,English
298,GingiTV,/gingitv,English
299,Timmac,/timmac,English
300,GernaderJake,/gernaderjake,English
301,EmadGG,/emadgg,English
302,dasMEHDI,/dasmehdi,English
303,39daph,/39daph,English
304,AvaGG,/avagg,English
305,steel_tv,/steel_tv,English
306,Gladd,/gladd,English
307,EternaLEnVyy,/eternalenvyy,English
308,AvoidingThePuddle,/avoidingthepuddle,English
309,Sweet_Anita,/sweet_anita,English
310,Quackity,/quackity,English
311,AnthonyZ,/anthonyz,English
312,Faux,/faux,English
313,Kaellyn,/kaellyn,English
314,RaizQT,/raizqt,English
315,Payo,/payo,English
316,CasinoDaddy,/casinodaddy,English
317,GeT_RiGhT,/get_right,English
318,UberHaxorNova,/uberhaxornova,English
319,Mmorpg,/mmorpg,English
320,KingGeorge,/kinggeorge,English
321,Sequisha,/sequisha,English
322,iateyourpie,/iateyourpie,English
323,Kyle,/kyle,English
324,DuelLinksMeta,/duellinksmeta,English
325,Strippin,/strippin,English
326,Robbaz,/robbaz,English
327,LuluLuvely,/lululuvely,English
328,TheNicoleT,/thenicolet,English
329,풍월량,/hanryang1125,Korean
330,Faker,/faker,Korean
331,한동숙,/handongsuk,Korean
332,서새봄냥,/saddummy,Korean
333,얍얍,/yapyap30,Korean
334,따효니,/ddahyoni,Korean
335,우왁굳,/woowakgood,Korean
336,침착맨,/zilioner,Korean
337,김도,/kimdoe,Korean
338,소풍왔니,/yumyumyu77,Korean
339,크랭크_,/tvcrank,Korean
340,앰비션_,/lol_ambition,Korean
341,탬탬버린,/2chamcham2,Korean
342,괴물쥐123,/tmxk319,Korean
343,쌍베,/pacific8815,Korean
344,룩삼,/looksam,Korean
345,소니쇼,/sonycast_,Korean
346,연두는말안드뤄,/rudbeckia7,Korean
347,똘똘똘이_,/jungtaejune,Korean
348,개복어,/dogswellfish,Korean
349,공혁준,/rhdgurwns,Korean
350,플러리,/flurry1989,Korean
351,김나성,/naseongkim,Korean
352,철면수심,/109ace,Korean
353,수련수련,/sooflower,Korean
354,김진우,/jinu6734,Korean
355,쉐리,/kss7749,Korean
356,강지,/rkdwl12,Korean
357,머독,/ajehr,Korean
358,녹두로,/nokduro,Korean
359,빛베리,/berry0314,Korean
360,살인마협회장,/sal_gu,Korean
361,견자희,/wkgml,Korean
362,오킹,/obm1025,Korean
363,인간젤리,/ses836,Korean
364,다주,/dda_ju,Korean
365,쫀득이_,/pjs9073,Korean
366,실프_,/silphtv,Korean
367,우정잉,/nanajam777,Korean
368,짬타수아,/zzamtiger0310,Korean
369,갱생레바,/mister903,Korean
370,케인,/kanetv8,Korean
371,옥냥이,/rooftopcat99,Korean
372,울프,/lol_woolf,Korean
373,꽃핀,/cherrypach,Korean
374,웁_게임방송,/alenenwooptv,Korean
375,코렛트,/collet11,Korean
376,러너교,/runner0608,Korean
377,파카9999,/paka9999,Korean
378,고차비,/kumikomii,Korean
379,소우릎,/so_urf,Korean
380,치킨쿤,/ch1ckenkun,Korean
381,피닉스박1,/xkwhd,Korean
382,이초홍,/h920103,Korean
383,이춘향,/leechunhyang,Korean
384,자동,/tranth,Korean
385,미라지,/mirage720,Korean
386,햇살살,/hatsalsal,Korean
387,도현_,/d_obby,Korean
388,태준이,/dlxowns45,Korean
389,_연두부_,/lovelyyeon,Korean
390,빅헤드,/bighead033,Korean
391,악어,/jdm2088,Korean
392,헤징,/hejin0_0,Korean
393,삐부,/s1032204,Korean
394,금사향,/sah_yang,Korean
395,나나양,/nanayango3o,Korean
396,마젠타_,/magenta62,Korean
397,칸데르니아,/jmjdoc,Korean
398,매드라이프_,/lol_madlife,Korean
399,던ㅤ,/dawnhs,Korean
400,dopa24,/dopa24,Korean
401,케리아이,/t1_keria,Korean
402,강소연,/rkdthdus930,Korean
403,강퀴,/kangqui,Korean
404,양띵,/yd0821,Korean
405,heavyRainism,/heavyrainism,Korean
406,재슥짱,/pikra10,Korean
407,랄로,/aba4647,Korean
408,스나랑,/snarang,Korean
409,양아지,/dkwl025,Korean
410,김뚜띠_,/kimdduddi,Korean
411,선바,/sunbaking,Korean
412,액시스마이콜,/sn400ja,Korean
413,한갱,/woohankyung,Korean
414,무굴,/moogrr1211,Korean
415,꽃빈,/flowervin,Korean
416,노돌리,/nodolly,Korean
417,탑가렌,/yugyungwoo,Korean
418,포셔,/portialyn,Korean
419,마뫄,/ma_mwa,Korean
420,테디이,/t1_teddy,Korean
421,악녀,/bgirl_0,Korean
422,임요환,/boxer_lim,Korean
423,과로사1,/aram4519,Korean
424,감블러,/9ambler,Korean
425,배돈,/baedony,Korean
426,핑맨,/95pingman,Korean
427,하니니_,/haxxnini,Korean
428,lol_peanut,/lol_peanut,Korean
429,zoodasa,/zoodasa,Korean
430,명훈,/mlchoins,Korean
431,서넹,/dua3362,Korean
432,승우아빠_,/swab85,Korean
433,새옴,/som0322,Korean
434,플레임__,/flamekr,Korean
435,김뿡_,/bbonge_,Korean
436,크캣66,/crazzyccat,Korean
437,총야_,/ju10506,Korean
438,똘킹,/ddolking555,Korean
439,서렌더,/surrenderhs,Korean
440,이선생84,/drlee_kor,Korean
441,소행성612,/01bd02,Korean
442,김블루,/rainblue37,Korean
443,김정민,/themarinekr,Korean
444,해기님,/he0901,Korean
445,스틸로,/steelohs,Korean
446,멀럭킹,/sizer0346,Korean
447,PartinGtheBigBoy,/partingthebigboy,Korean
448,순당무,/liok0485,Korean
449,아크로,/acro_land,Korean
450,표식표이루,/pyosixs,Korean
451,마음잉,/gksmf0f0,Korean
452,멋사,/msmsms213,Korean
453,Selly55,/selly55,Korean
454,큐베123,/lol_cuvee,Korean
455,우주하마,/uzuhama,Korean
456,공파리파,/gongparipa,Korean
457,개리형,/qcnb123,Korean
458,로나로나땅,/ronaronakr,Korean
459,삼식,/inecr7024,Korean
460,Gumayusi,/gumayusi,Korean
461,끠끼,/kuiki771,Korean
462,홍진호,/fastloves,Korean
463,릴펄1,/lilpearl_,Korean
464,쿠하_,/sees360,Korean
465,성대,/dakchyo,Korean
466,꼴랑이임,/rhffkddl96,Korean
467,쵸단_,/chodan_,Korean
468,크라니쉬,/kranichhs,Korean
469,세글자_,/skswhdkgo1,Korean
470,KeSPA,/kespa,Korean
471,아구이뽀,/agueppo,Korean
472,갱맘_,/tst1023,Korean
473,너불,/nubulswamp,Korean
474,요룰레히,/yodel_ay,Korean
475,죠니니,/johnny3047258,Korean
476,윤이샘,/e_saem,Korean
477,설백_,/snow_hite,Korean
478,안스__,/ansansniper,Korean
479,ZED99_lol,/zed99_lol,Korean
480,가재맨1234,/rlgus1006,Korean
481,코뚱잉,/qq102qq,Korean
482,주펄,/noizemasta,Korean
483,찌모햄,/midong1030,Korean
484,PPOMODOLI,/ppomodoli,Korean
485,꽃감이,/flowergam0326,Korean
486,임나은,/ao_o5,Korean
487,히렌히,/hyren7,Korean
488,검은사막 공식채널,/blackdesertkr,Korean
489,레니아워,/reniehour,Korean
490,네클릿,/necklet880707,Korean
491,지우다우,/jiudau,Korean
492,정령왕,/ljh0328,Korean
493,용봉탕,/itopicy,Korean
494,슈카월드,/torona1,Korean
495,세아스토리,/sea_vtuber,Korean
496,이다2,/airshowerse,Korean
497,lol_Khan,/lol_khan,Korean
498,라디유,/radiyu,Korean
499,seoldam99,/seoldam99,Korean
500,공룡_,/rulrudino,Korean
501,윤가놈임,/yunzinseok,Korean
502,pzzzang3,/pzzzang3,Korean
503,lyasyaa,/lyasyaa,Korean
504,프로관전러_,/rhdowgps,Korean
505,최효빈,/choihyobin_ow,Korean
506,왜냐맨복무중,/whyman3,Korean
507,Ailee_Official,/ailee_official,Korean
508,잠뜰,/sleepground,Korean
509,스코어_,/score1992,Korean
510,MontanaBlack88,/montanablack88,German
511,Trymacs,/trymacs,German
512,GRONKH,/gronkh,German
513,Papaplatte,/papaplatte,German
514,NoWay4u_Sir,/noway4u_sir,German
515,TheRealKnossi,/therealknossi,German
516,Shlorox,/shlorox,German
517,PietSmiet,/pietsmiet,German
518,Amar,/amar,German
519,Germench,/germench,German
520,MckyTV,/mckytv,German
521,Dhalucard,/dhalucard,German
522,BastiGHG,/bastighg,German
523,jessirocks,/jessirocks,German
524,GTimeTV,/gtimetv,German
525,Staiy,/staiy,German
526,TrilluXe,/trilluxe,German
527,ELoTRiX,/elotrix,German
528,RoyalPhunk,/royalphunk,German
529,Moondye7,/moondye7,German
530,rewinside,/rewinside,German
531,AnniTheDuck,/annitheduck,German
532,Broeki1,/broeki1,German
533,Kamikatze,/kamikatze,German
534,RevedTV,/revedtv,German
535,orangemorange,/orangemorange,German
536,kutcherlol,/kutcherlol,German
537,Tinkerleo,/tinkerleo,German
538,HandIOfIBlood,/handiofiblood,German
539,INSCOPE21TV,/inscope21tv,German
540,Solaaaa,/solaaaa,German
541,Sintica,/sintica,German
542,KamoLRF,/kamolrf,German
543,maxim,/maxim,German
544,MasterTay,/mastertay,German
545,Shurjoka,/shurjoka,German
546,chefstrobel,/chefstrobel,German
547,GronkhTV,/gronkhtv,German
548,DieHahn,/diehahn,German
549,H0llyLP,/h0llylp,German
550,bvb_official,/bvb_official,German
551,hc_diZee,/hc_dizee,German
552,Rumathra,/rumathra,German
553,Harmii,/harmii,German
554,LaraLoft,/laraloft,German
555,SparkofPhoenixTV,/sparkofphoenixtv,German
556,agurin,/agurin,German
557,noahreyli,/noahreyli,German
558,Mouzakrobat,/mouzakrobat,German
559,Sologesang,/sologesang,German
560,BigSpinCR,/bigspincr,German
561,DoktorFroid,/doktorfroid,German
562,unsympathisch_tv,/unsympathisch_tv,German
563,eliasn97,/eliasn97,German
564,Repaz,/repaz,German
565,thisEguy,/thiseguy,German
566,Heideltraut,/heideltraut,German
567,Milschbaum,/milschbaum,German
568,mailand,/mailand,German
569,Vadeal,/vadeal,German
570,Dennsen86,/dennsen86,German
571,xTheSolutionTV,/xthesolutiontv,German
572,Gnu_Live,/gnu_live,German
573,xRohat,/xrohat,German
574,PainLivestream,/painlivestream,German
575,Vlesk,/vlesk,German
576,Divi,/divi,German
577,Dracon,/dracon,German
578,metashi12,/metashi12,German
579,LPGjustJohnny,/lpgjustjohnny,German
580,fisHC0p,/fishc0p,German
581,Valle,/valle,German
582,ShoXx__,/shoxx__,German
583,xPandorya,/xpandorya,German
584,SidneyEweka,/sidneyeweka,German
585,KayaYanar,/kayayanar,German
586,TolkinLoL,/tolkinlol,German
587,xHankyy,/xhankyy,German
588,AversionDE,/aversionde,German
589,Maty,/maty,German
590,TANZVERBOT,/tanzverbot,German
591,JulienBam,/julienbam,German
592,katoo,/katoo,German
593,rAx1337,/rax1337,German
594,mortenroyale,/mortenroyale,German
595,Dekarldent,/dekarldent,German
596,Mahluna,/mahluna,German
597,NebelNiek,/nebelniek,German
598,Rezo,/rezo,German
599,HoneyPuu,/honeypuu,German
600,TORRO,/torro,German
601,TheKller,/thekller,German
602,Baso,/baso,German
603,JannisZ,/jannisz,German
604,KayzahR,/kayzahr,German
605,iBlali,/iblali,German
606,Keyforsteam,/keyforsteam,German
607,JenNyan,/jennyan,German
608,TobinatorLP,/tobinatorlp,German
609,rezonfn,/rezonfn,German
610,Giggand,/giggand,German
611,mehdideluxe,/mehdideluxe,German
612,Real_Bazzi,/real_bazzi,German
613,Autophil,/autophil,German
614,SchwabbelTown,/schwabbeltown,German
615,FeelFIFAandGamingTV,/feelfifaandgamingtv,German
616,Ditrxx,/ditrxx,German
617,Zombey,/zombey,German
618,KuchenTV,/kuchentv,German
619,MoAuba,/moauba,German
620,CPentagon,/cpentagon,German
621,BreitenVonBerg,/breitenvonberg,German
622,NiklasWilson,/niklaswilson,German
623,Kalle,/kalle,German
624,GustafGabel,/gustafgabel,German
625,knueppelpaste,/knueppelpaste,German
626,Robnic,/robnic,German
627,DerKellerYT,/derkelleryt,German
628,LetsTaddl,/letstaddl,German
629,HeyStan,/heystan,German
630,Scurrows,/scurrows,German
631,freiraumreh,/freiraumreh,German
632,TwitchFarming,/twitchfarming,German
633,Raptor,/raptor,German
634,BeamTwitch,/beamtwitch,German
635,ssynic13,/ssynic13,German
636,realMoji,/realmoji,German
637,Anastasia_Rose_Official,/anastasia_rose_official,German
638,Niekbeats,/niekbeats,German
639,Maxi,/maxi,German
640,STYLERZ,/stylerz,German
641,M4cM4nus,/m4cm4nus,German
642,Doctorio,/doctorio,German
643,jstinLIVE,/jstinlive,German
644,DerHauge,/derhauge,German
645,abugoku9999,/abugoku9999,German
646,gTasty,/gtasty,German
647,Mexify,/mexify,German
648,timb0_,/timb0_,German
649,CptPowerWooot,/cptpowerwooot,German
650,DaveGaming73,/davegaming73,German
651,edopeh,/edopeh,German
652,iNoiizY,/inoiizy,German
653,tabseN_cs,/tabsen_cs,German
654,RvNxMango,/rvnxmango,German
655,elynakamperi,/elynakamperi,German
656,xFibii,/xfibii,German
657,whitecatosu,/whitecatosu,German
658,Mr_Reeze,/mr_reeze,German
659,fritz_meinecke,/fritz_meinecke,German
660,starletnova,/starletnova,German
661,Held_der_Steine,/held_der_steine,German
662,PuschArt,/puschart,German
663,qseng66,/qseng66,German
664,75ricksanchez75,/75ricksanchez75,German
665,landwirt_in_mv,/landwirt_in_mv,German
666,M_ocki,/m_ocki,German
667,Angeschrien,/angeschrien,German
668,MyLandThailand,/mylandthailand,German
669,SlavikJunge685,/slavikjunge685,German
670,SmexysYT,/smexysyt,German
671,delaruetv,/delaruetv,German
672,15celly,/15celly,German
673,AdlerssonPictures,/adlerssonpictures,German
674,edizderbreite,/edizderbreite,German
675,CanBroke,/canbroke,German
676,isimo42,/isimo42,German
677,marvincalifornia,/marvincalifornia,German
678,HapticRush,/hapticrush,German
679,bolbolautomat,/bolbolautomat,German
680,real_MAESTRO,/real_maestro,German
681,LoftyVTR,/loftyvtr,German
682,mon_official,/mon_official,German
683,memo5o,/memo5o,German
684,jayzumjiggy,/jayzumjiggy,German
685,cirizle,/cirizle,German
686,RoozWorld,/roozworld,German
687,DerKC,/derkc,German
688,Domtendo,/domtendo,German
689,resttpowered,/resttpowered,Slovak
690,Gaules,/gaules,Portuguese
691,YoDa,/yoda,Portuguese
692,alanzoka,/alanzoka,Portuguese
693,jukes,/jukes,Portuguese
694,Rakin,/rakin,Portuguese
695,Cellbit,/cellbit,Portuguese
696,jovirone,/jovirone,Portuguese
697,SkipNhO,/skipnho,Portuguese
698,gratis150ml,/gratis150ml,Portuguese
699,JohnPitterTV,/johnpittertv,Portuguese
700,yeTz,/yetz,Portuguese
701,aXtLOL,/axtlol,Portuguese
702,Baiano,/baiano,Portuguese
703,pimpimenta,/pimpimenta,Portuguese
704,brtt,/brtt,Portuguese
705,loud_coringa,/loud_coringa,Portuguese
706,zorlaKOKA,/zorlakoka,Portuguese
707,gafallen,/gafallen,Portuguese
708,TheDarkness,/thedarkness,Portuguese
709,DavyJones,/davyjones,Portuguese
710,PatoPapao,/patopapao,Portuguese
711,blxckoutz,/blxckoutz,Portuguese
712,mch_AGG,/mch_agg,Portuguese
713,deercheerup,/deercheerup,Portuguese
714,pijack11,/pijack11,Portuguese
715,mount,/mount,Portuguese
716,ziGueira,/zigueira,Portuguese
717,jean_mago,/jean_mago,Portuguese
718,Felps,/felps,Portuguese
719,NOBRU,/nobru,Portuguese
720,BiDa,/bida,Portuguese
721,Bagi,/bagi,Portuguese
722,calango,/calango,Portuguese
723,casimito,/casimito,Portuguese
724,paulanobre,/paulanobre,Portuguese
725,liminhag0d,/liminhag0d,Portuguese
726,Sonecarox,/sonecarox,Portuguese
727,fer,/fer,Portuguese
728,bt0tv,/bt0tv,Portuguese
729,c9judite,/c9judite,Portuguese
730,Ness,/ness,Portuguese
731,Daniels,/daniels,Portuguese
732,1DrakoNz,/1drakonz,Portuguese
733,cidcidoso,/cidcidoso,Portuguese
734,Tixinhadois,/tixinhadois,Portuguese
735,boltz,/boltz,Portuguese
736,sacy,/sacy,Portuguese
737,Doutora,/doutora,Portuguese
738,Tiagovski555YT,/tiagovski555yt,Portuguese
739,Buozzi,/buozzi,Portuguese
740,Leko,/leko,Portuguese
741,Patriota,/patriota,Portuguese
742,lTheDooctor,/lthedooctor,Portuguese
743,FlowPodcast,/flowpodcast,Portuguese
744,gabepeixe,/gabepeixe,Portuguese
745,fnxLNTC,/fnxlntc,Portuguese
746,pulgaboy,/pulgaboy,Portuguese
747,Coreano,/coreano,Portuguese
748,Hayashii,/hayashii,Portuguese
749,Mylonzete,/mylonzete,Portuguese
750,PlayHard,/playhard,Portuguese
751,esAcarry,/esacarry,Portuguese
752,Vovo,/vovo,Portuguese
753,k13tv,/k13tv,Portuguese
754,yayahuz,/yayahuz,Portuguese
755,adolfz,/adolfz,Portuguese
756,Aedrons_TV,/aedrons_tv,Portuguese
757,oKINGBR,/okingbr,Portuguese
758,takeshi,/takeshi,Portuguese
759,Buerinho,/buerinho,Portuguese
760,nahzinhaa,/nahzinhaa,Portuguese
761,Smzinho,/smzinho,Portuguese
762,keiozin,/keiozin,Portuguese
763,ovotz,/ovotz,Portuguese
764,suetam1v4,/suetam1v4,Portuguese
765,Kennzy,/kennzy,Portuguese
766,RatoBorrachudo,/ratoborrachudo,Portuguese
767,Faah,/faah,Portuguese
768,MasteerXd,/masteerxd,Portuguese
769,ZeROBADASS,/zerobadass,Portuguese
770,Move_Mind,/move_mind,Portuguese
771,JEFFAOCS,/jeffaocs,Portuguese
772,bakzera,/bakzera,Portuguese
773,Surskity,/surskity,Portuguese
774,StolenBR,/stolenbr,Portuguese
775,loud_thurzin,/loud_thurzin,Portuguese
776,loud_babi,/loud_babi,Portuguese
777,revolta,/revolta,Portuguese
778,RazaH,/razah,Portuguese
779,Meikodboy_,/meikodboy_,Portuguese
780,CSRfps,/csrfps,Portuguese
781,loud_ocastrin,/loud_ocastrin,Portuguese
782,frttt,/frttt,Portuguese
783,imDBRAZ,/imdbraz,Portuguese
784,JuMayumin,/jumayumin,Portuguese
785,forever,/forever,Portuguese
786,xandfps,/xandfps,Portuguese
787,oestagiario,/oestagiario,Portuguese
788,tiburciand0,/tiburciand0,Portuguese
789,lubatv,/lubatv,Portuguese
790,Cesarvsc,/cesarvsc,Portuguese
791,Cachorro1337c,/cachorro1337c,Portuguese
792,TrizPariz,/trizpariz,Portuguese
793,Taspio,/taspio,Portuguese
794,leonardosteluto,/leonardosteluto,Portuguese
795,vsmzin,/vsmzin,Portuguese
796,coldzin,/coldzin,Portuguese
797,tteuw,/tteuw,Portuguese
798,LumeiFei,/lumeifei,Portuguese
799,NeskWgA,/neskwga,Portuguese
800,TonyKanaan,/tonykanaan,Portuguese
801,rangerlol1,/rangerlol1,Portuguese
802,titanlol1,/titanlol1,Portuguese
803,EaiMaka,/eaimaka,Portuguese
804,Heitir,/heitir,Portuguese
805,loud_voltan,/loud_voltan,Portuguese
806,lett,/lett,Portuguese
807,neymarjr,/neymarjr,Portuguese
808,shinimon,/shinimon,Portuguese
809,roboolol,/roboolol,Portuguese
810,Salve,/salve,Portuguese
811,Geefe,/geefe,Portuguese
812,lucascharmoso,/lucascharmoso,Portuguese
813,BLDCS,/bldcs,Portuguese
814,Bruninzor,/bruninzor,Portuguese
815,pedroqualy,/pedroqualy,Portuguese
816,SouzaSoul,/souzasoul,Portuguese
817,aspaszin,/aspaszin,Portuguese
818,RNakano,/rnakano,Portuguese
819,luidematos,/luidematos,Portuguese
820,funkyblackcat,/funkyblackcat,Portuguese
821,oMeiaUm,/omeiaum,Portuguese
822,wendelllira11,/wendelllira11,Portuguese
823,seeyunxd,/seeyunxd,Portuguese
824,BRKsEDU,/brksedu,Portuguese
825,brasilfpss,/brasilfpss,Portuguese
826,GordaoPD,/gordaopd,Portuguese
827,Caju,/caju,Portuguese
828,ale_apoka,/ale_apoka,Portuguese
829,Prizzaa,/prizzaa,Portuguese
830,yang,/yang,Portuguese
831,lucca_trem,/lucca_trem,Portuguese
832,Shina,/shina,Portuguese
833,shayvictorioo,/shayvictorioo,Portuguese
834,nowayzao,/nowayzao,Portuguese
835,biroPJL,/biropjl,Portuguese
836,defantediogo,/defantediogo,Portuguese
837,pedrocertezas,/pedrocertezas,Portuguese
838,kadelo,/kadelo,Portuguese
839,inpzera,/inpzera,Portuguese
840,nuuhfps,/nuuhfps,Portuguese
841,teawithmel_,/teawithmel_,Portuguese
842,los_jotinha,/los_jotinha,Portuguese
843,loud_frosty,/loud_frosty,Portuguese
844,DEUSDAGUERRArodrigo,/deusdaguerrarodrigo,Portuguese
845,FilipeRaaamos,/filiperaaamos,Portuguese
846,MudinhoxD,/mudinhoxd,Portuguese
847,belrodrigues,/belrodrigues,Portuguese
848,elgato_,/elgato_,Portuguese
849,ZAKl1k,/zakl1k,Portuguese
850,VoidFissureBR,/voidfissurebr,Portuguese
851,loud_lzinn,/loud_lzinn,Portuguese
852,Murilosoo,/murilosoo,Portuguese
853,vitongemaplys,/vitongemaplys,Portuguese
854,Mirys,/mirys,Portuguese
855,GaleguiNS,/galeguins,Portuguese
856,imh0nda,/imh0nda,Portuguese
857,BELKYTV,/belkytv,Portuguese
858,CuckardoLive,/cuckardolive,Portuguese
859,tockerslol,/tockerslol,Portuguese
860,loud_jordan,/loud_jordan,Portuguese
861,Tealzlol,/tealzlol,Portuguese
862,loud_dacruz,/loud_dacruz,Portuguese
863,los_mito,/los_mito,Portuguese
864,LiminhaPlay,/liminhaplay,Portuguese
865,Sabsdenada,/sabsdenada,Portuguese
866,FanhoTV,/fanhotv,Portuguese
867,LenonNS,/lenonns,Portuguese
868,OCalheiros,/ocalheiros,Portuguese
869,NGCDaddyOFC,/ngcdaddyofc,Portuguese
870,sidoka_ns,/sidoka_ns,Portuguese
871,EduSterblitch,/edusterblitch,Portuguese
872,BaianoNS,/baianons,Portuguese
873,CaioWinkle,/caiowinkle,Portuguese
874,jhowrj1,/jhowrj1,Portuguese
875,sofiaespanha,/sofiaespanha,Portuguese
876,arthurgaucho,/arthurgaucho,Portuguese
877,Filosofisica,/filosofisica,Portuguese
878,krawkmc,/krawkmc,Portuguese
879,ipproducoes,/ipproducoes,Portuguese
880,bpblives,/bpblives,Portuguese
881,KroozzNS,/kroozzns,Portuguese
882,s1mple,/s1mple,Unknown
883,艾維與卡苗,/ankgaminghk,Unknown
884,Loui5Ng,/loui5ng,Unknown
885,MOGRA,/mogra,Unknown
886,Bigezmoge,/bigezmoge,Unknown
887,ふぃあちゃん,/fiachan,Unknown
888,SamSaberi,/samsaberi,Unknown
889,IstoprocentOfficial,/istoprocentofficial,Unknown
890,lturepublic,/lturepublic,Unknown
891,queasy,/queasy,Unknown
892,AmiR_RighT,/amir_right,Unknown
893,DAYIALI,/dayiali,Unknown
894,MySteam,/mysteam,Unknown
895,Nichoqu,/nichoqu,Unknown
896,AmirEyZed,/amireyzed,Unknown
897,izblooming,/izblooming,Unknown
898,pixiieow,/pixiieow,Unknown
899,Ex_is_grinding,/ex_is_grinding,Unknown
900,NarimanCupid,/narimancupid,Unknown
901,RwinShow,/rwinshow,Unknown
902,menchTV,/menchtv,Unknown
903,alirexza,/alirexza,Unknown
904,AdMiRaL_TideBringer,/admiral_tidebringer,Unknown
905,alizelzele,/alizelzele,Unknown
906,callmegenerall,/callmegenerall,Unknown
907,Iman,/iman,Unknown
908,Erph,/erph,Unknown
909,SeenaCrash,/seenacrash,Unknown
910,HwmidKenzo,/hwmidkenzo,Unknown
911,heisenbergofficial,/heisenbergofficial,Unknown
912,chuu_1029,/chuu_1029,Unknown
913,Amrj,/amrj,Unknown
914,Amir_vht,/amir_vht,Unknown
915,比叔,/unclebay,Unknown
916,wtcN,/wtcn,Turkish
917,Mithrain,/mithrain,Turkish
918,KendineMuzisyen,/kendinemuzisyen,Turkish
919,Jahrein,/jahrein,Turkish
920,Elraenn,/elraenn,Turkish
921,ZEON,/zeon,Turkish
922,UNLOSTV,/unlostv,Turkish
923,Elwind,/elwind,Turkish
924,pqueen,/pqueen,Turkish
925,Videoyun,/videoyun,Turkish
926,ThaldrinLol,/thaldrinlol,Turkish
927,JrokezFTW,/jrokezftw,Turkish
928,LEGOO,/legoo,Turkish
929,10000DAYS,/10000days,Turkish
930,berkriptepe,/berkriptepe,Turkish
931,Hype,/hype,Turkish
932,pankyy,/pankyy,Turkish
933,Uthenera,/uthenera,Turkish
934,AlpTV,/alptv,Turkish
935,tecoNe,/tecone,Turkish
936,miafitz,/miafitz,Turkish
937,Naru,/naru,Turkish
938,Adal,/adal,Turkish
939,Grimnax,/grimnax,Turkish
940,Toqtir,/toqtir,Turkish
941,Crystal_LoL,/crystal_lol,Turkish
942,Eray,/eray,Turkish
943,XANTAREScN,/xantarescn,Turkish
944,PurpleBixi,/purplebixi,Turkish
945,Zade,/zade,Turkish
946,EvonMoss,/evonmoss,Turkish
947,cNed,/cned,Turkish
948,Wandayss,/wandayss,Turkish
949,aimdll__,/aimdll__,Turkish
950,annadeniz,/annadeniz,Turkish
951,imorr,/imorr,Turkish
952,ArmutTV,/armuttv,Turkish
953,LordBS,/lordbs,Turkish
954,holyphoenix,/holyphoenix,Turkish
955,russzfps,/russzfps,Turkish
956,EFEUYGAC,/efeuygac,Turkish
957,KAANFLIX,/kaanflix,Turkish
958,ubeka_,/ubeka_,Turkish
959,FabulousN,/fabulousn,Turkish
960,DomenicoWaccoo,/domenicowaccoo,Turkish
961,w0xic,/w0xic,Turkish
962,RRaenee,/rraenee,Turkish
963,BeatPug,/beatpug,Turkish
964,Twitchsasi,/twitchsasi,Turkish
965,TenekeKafalar_TK,/tenekekafalar_tk,Turkish
966,akagreenn,/akagreenn,Turkish
967,AlperBicen,/alperbicen,Turkish
968,Creed,/creed,Turkish
969,rootthegamer_,/rootthegamer_,Turkish
970,Holmes,/holmes,Turkish
971,stansfield,/stansfield,Turkish
972,h3x_tv,/h3x_tv,Turkish
973,NemesisTV,/nemesistv,Turkish
974,Vvassago,/vvassago,Turkish
975,gicaas,/gicaas,Turkish
976,larsahan,/larsahan,Turkish
977,EgeArseven,/egearseven,Turkish
978,farewell,/farewell,Turkish
979,educatedearTW,/educatedeartw,Turkish
980,ClumsyKitty,/clumsykitty,Turkish
981,mujs_,/mujs_,Turkish
982,AsLanMashadoVV,/aslanmashadovv,Turkish
983,LynxCerezLoL,/lynxcerezlol,Turkish
984,sizophren,/sizophren,Turkish
985,ErenAktan,/erenaktan,Turkish
986,thecadyyx,/thecadyyx,Turkish
987,AyuHere,/ayuhere,Turkish
988,EvrimShinka,/evrimshinka,Turkish
989,elanur,/elanur,Turkish
990,Flavorr,/flavorr,Turkish
991,turgutuc,/turgutuc,Turkish
992,ichbindirencan,/ichbindirencan,Turkish
993,Swaggybark,/swaggybark,Turkish
994,Marhtern,/marhtern,Turkish
995,1ST3NM1,/1st3nm1,Turkish
996,Neverlost,/neverlost,Turkish
997,LunaSpia,/lunaspia,Turkish
998,CyberRulzTv,/cyberrulztv,Turkish
999,Cacarov,/cacarov,Turkish
1000,Revanch,/revanch,Turkish
1001,Almira,/almira,Turkish
1002,Bahtam,/bahtam,Turkish
1003,TolunayOren,/tolunayoren,Turkish
1004,armutlol,/armutlol,Turkish
1005,SismanRambo,/sismanrambo,Turkish
1006,saniye,/saniye,Turkish
1007,KocaKariAnsiklopedisi,/kocakariansiklopedisi,Turkish
1008,HellianTV,/helliantv,Turkish
1009,cigdemT,/cigdemt,Turkish
1010,ABeautifulDeath,/abeautifuldeath,Turkish
1011,MertGunhan,/mertgunhan,Turkish
1012,Hakanuysun,/hakanuysun,Turkish
1013,Syna,/syna,Turkish
1014,lurzy0y0,/lurzy0y0,Turkish
1015,KILICARSLAN_,/kilicarslan_,Turkish
1016,bigbosslayf,/bigbosslayf,Turkish
1017,Odisnos,/odisnos,Turkish
1018,saamtwo,/saamtwo,Turkish
1019,AzunyanOzge,/azunyanozge,Turkish
1020,OgrenciEvi,/ogrencievi,Turkish
1021,EdaMilka,/edamilka,Turkish
1022,oyunfatiihi,/oyunfatiihi,Turkish
1023,zkRa,/zkra,Turkish
1024,Rakshana,/rakshana,Turkish
1025,Burak,/burak,Turkish
1026,saMosata,/samosata,Turkish
1027,lylo,/lylo,Turkish
1028,HocaKO,/hocako,Turkish
1029,GRAB,/grab,Turkish
1030,haskologlu,/haskologlu,Turkish
1031,fredvalo,/fredvalo,Turkish
1032,TayfunErkanTV,/tayfunerkantv,Turkish
1033,DeliKibrisli,/delikibrisli,Turkish
1034,Vladimirpetrenko,/vladimirpetrenko,Turkish
1035,cordiseps,/cordiseps,Turkish
1036,sselss,/sselss,Turkish
1037,moparism,/moparism,Turkish
1038,AhmtGzms,/ahmtgzms,Turkish
1039,CombatRy,/combatry,Turkish
1040,Zeitnotlol,/zeitnotlol,Turkish
1041,GarGorevlisi,/gargorevlisi,Turkish
1042,Maxmarine,/maxmarine,Turkish
1043,Suecuk,/suecuk,Turkish
1044,ToxicTX,/toxictx,Turkish
1045,BurakOyunda,/burakoyunda,Turkish
1046,AmerikaliAynasiz,/amerikaliaynasiz,Turkish
1047,marqnue,/marqnue,Turkish
1048,Squeaty,/squeaty,Turkish
1049,Liya,/liya,Turkish
1050,logicmanvlr,/logicmanvlr,Turkish
1051,XNoverHD,/xnoverhd,Turkish
1052,CuteGizem,/cutegizem,Turkish
1053,KhontkarTV,/khontkartv,Turkish
1054,NinjaTraders,/ninjatraders,Turkish
1055,burakgungor,/burakgungor,Turkish
1056,iamtuana,/iamtuana,Turkish
1057,Luser,/luser,Turkish
1058,Abrobg,/abrobg,Bulgarian
1059,Agraelus,/agraelus,Czech
1060,ArcadeBulls,/arcadebulls,Czech
1061,Herdyn,/herdyn,Czech
1062,CzechCloud,/czechcloud,Czech
1063,Mazarin1k,/mazarin1k,Czech
1064,Xnapycz,/xnapycz,Czech
1065,marty_vole,/marty_vole,Czech
1066,spajKK,/spajkk,Czech
1067,DeeThane,/deethane,Czech
1068,Halien,/halien,Czech
1069,czMarv,/czmarv,Czech
1070,RikOnAir,/rikonair,Czech
1071,idyiom,/idyiom,Czech
1072,Freezecz,/freezecz,Czech
1073,Sweezy,/sweezy,Czech
1074,Novby,/novby,Czech
1075,Emerickson,/emerickson,Czech
1076,Conducteir77,/conducteir77,Czech
1077,FlyGunCZ,/flyguncz,Czech
1078,alkanhraje,/alkanhraje,Czech
1079,ARTIX,/artix,Czech
1080,bladeito,/bladeito,Czech
1081,Viktorkaa,/viktorkaa,Czech
1082,Patrikturi,/patrikturi,Czech
1083,TenSterakdary,/tensterakdary,Czech
1084,Morryeej,/morryeej,Czech
1085,peacemaker,/peacemaker,Czech
1086,RobDiesALot,/robdiesalot,Czech
1087,MarweX,/marwex,Czech
1088,Claina,/claina,Czech
1089,boostbend,/boostbend,Czech
1090,adisbak,/adisbak,Czech
1091,Skailereu,/skailereu,Czech
1092,PTNGMS,/ptngms,Czech
1093,liveoliverr,/liveoliverr,Czech
1094,cuky222,/cuky222,Czech
1095,HaiseT,/haiset,Czech
1096,wraxxik,/wraxxik,Czech
1097,zumpa_ze_sudet,/zumpa_ze_sudet,Czech
1098,Tynkaa,/tynkaa,Czech
1099,BigeOfficial,/bigeofficial,Czech
1100,BoTmAnGodik,/botmangodik,Czech
1101,Buba,/buba,Czech
1102,Toby,/toby,Czech
1103,MichalSoporCZ,/michalsoporcz,Czech
1104,Arturios007,/arturios007,Czech
1105,Andrewvwvw,/andrewvwvw,Czech
1106,v1latko,/v1latko,Ukrainian
1107,POW3Rtv,/pow3rtv,Italian
1108,Paoloidolo,/paoloidolo,Italian
1109,ZanoXVII,/zanoxvii,Italian
1110,MatteoHS,/matteohs,Italian
1111,Homyatol,/homyatol,Italian
1112,pizfn,/pizfn,Italian
1113,Xiuder_,/xiuder_,Italian
1114,ilMasseo,/ilmasseo,Italian
1115,Moonryde,/moonryde,Italian
1116,DarioMocciaTwitch,/dariomocciatwitch,Italian
1117,Tumblurr,/tumblurr,Italian
1118,Yotobi,/yotobi,Italian
1119,ilGattoSulTubo,/ilgattosultubo,Italian
1120,gskianto,/gskianto,Italian
1121,JustGaBBo,/justgabbo,Italian
1122,Kroatomist,/kroatomist,Italian
1123,Rekinss,/rekinss,Italian
1124,imviolet_,/imviolet_,Italian
1125,fragolaqt,/fragolaqt,Italian
1126,LyonWGFLive,/lyonwgflive,Italian
1127,Attrix,/attrix,Italian
1128,TheRealMarzaa,/therealmarzaa,Italian
1129,NeZaK_,/nezak_,Italian
1130,PiazzTwitch,/piazztwitch,Italian
1131,Sabaku_no_Sutoriimaa,/sabaku_no_sutoriimaa,Italian
1132,AyarBaffo,/ayarbaffo,Italian
1133,velox,/velox,Italian
1134,Fierik,/fierik,Italian
1135,Delux,/delux,Italian
1136,VivaLaFazza,/vivalafazza,Italian
1137,HALtv,/haltv,Italian
1138,Jiozi,/jiozi,Italian
1139,GrenBaud,/grenbaud,Italian
1140,Dada,/dada,Italian
1141,ItsLomba,/itslomba,Italian
1142,Ivan_Grieco,/ivan_grieco,Italian
1143,panetty,/panetty,Italian
1144,Kertus,/kertus,Italian
1145,Freneh,/freneh,Italian
1146,Yoshi93,/yoshi93,Italian
1147,Cydonia_Chiara,/cydonia_chiara,Italian
1148,BerriTV,/berritv,Italian
1149,ilGabbrone,/ilgabbrone,Italian
1150,Brizz94,/brizz94,Italian
1151,Enkk,/enkk,Italian
1152,Queen_Giorgia,/queen_giorgia,Italian
1153,MichellePuttini,/michelleputtini,Italian
1154,S7ORMyTv,/s7ormytv,Italian
1155,HOLLYWOOD285,/hollywood285,Italian
1156,teknoyd,/teknoyd,Italian
1157,PlayerInsideTV,/playerinsidetv,Italian
1158,Berlinotv,/berlinotv,Italian
1159,savyultras90,/savyultras90,Italian
1160,NanniTwitch,/nannitwitch,Italian
1161,Cedduzzo,/cedduzzo,Italian
1162,JRohn7,/jrohn7,Italian
1163,MikeShowSha,/mikeshowsha,Italian
1164,animal_n01,/animal_n01,Italian
1165,steelix,/steelix,Italian
1166,ChristianVieriOfficial,/christianvieriofficial,Italian
1167,EZEtv,/ezetv,Italian
1168,Himorta,/himorta,Italian
1169,Marcy7,/marcy7,Italian
1170,Dread,/dread,Italian
1171,DavidRubino,/davidrubino,Italian
1172,Zblito,/zblito,Italian
1173,JezuzJrr,/jezuzjrr,Italian
1174,andreadel1988,/andreadel1988,Italian
1175,shmeky,/shmeky,Italian
1176,FiusGamer,/fiusgamer,Italian
1177,Nefastone,/nefastone,Italian
1178,Canale_Zero,/canale_zero,Italian
1179,iamaudreymartin,/iamaudreymartin,Italian
1180,federic,/federic,Italian
1181,ibai,/ibai,Spanish
1182,Rubius,/rubius,Spanish
1183,auronplay,/auronplay,Spanish
1184,TheGrefg,/thegrefg,Spanish
1185,juansguarnizo,/juansguarnizo,Spanish
1186,Jaidefinichon,/jaidefinichon,Spanish
1187,IamCristinini,/iamcristinini,Spanish
1188,coscu,/coscu,Spanish
1189,ElmiilloR,/elmiillor,Spanish
1190,elded,/elded,Spanish
1191,alexelcapo,/alexelcapo,Spanish
1192,Jelty,/jelty,Spanish
1193,MYM_ALKAPONE,/mym_alkapone,Spanish
1194,hastad,/hastad,Spanish
1195,knekro,/knekro,Spanish
1196,elxokas,/elxokas,Spanish
1197,SpeedrunsEspanol,/speedrunsespanol,Spanish
1198,IlloJuan,/illojuan,Spanish
1199,FolagorLives,/folagorlives,Spanish
1200,Alexby11,/alexby11,Spanish
1201,Reborn_Live,/reborn_live,Spanish
1202,Perxitaa,/perxitaa,Spanish
1203,CooLifeGame,/coolifegame,Spanish
1204,LOLITOFDEZ,/lolitofdez,Spanish
1205,MarkiLokurasY,/markilokurasy,Spanish
1206,goncho,/goncho,Spanish
1207,DuendePablo,/duendepablo,Spanish
1208,Llobeti4,/llobeti4,Spanish
1209,Staryuuki,/staryuuki,Spanish
1210,Mayichi,/mayichi,Spanish
1211,G4G_REVENANT,/g4g_revenant,Spanish
1212,ReventXz,/reventxz,Spanish
1213,MenosTrece,/menostrece,Spanish
1214,Werlyb,/werlyb,Spanish
1215,ElRichMC,/elrichmc,Spanish
1216,Th3Antonio,/th3antonio,Spanish
1217,Peereira7,/peereira7,Spanish
1218,sujagg,/sujagg,Spanish
1219,PapoMC,/papomc,Spanish
1220,x6FlipiN,/x6flipin,Spanish
1221,k1ng,/k1ng,Spanish
1222,bysTaXx,/bystaxx,Spanish
1223,Brunenger,/brunenger,Spanish
1224,Frankkaster,/frankkaster,Spanish
1225,grafo,/grafo,Spanish
1226,zEkO,/zeko,Spanish
1227,Kidi,/kidi,Spanish
1228,Zeling,/zeling,Spanish
1229,biyin_,/biyin_,Spanish
1230,KXMI,/kxmi,Spanish
1231,aroyitt,/aroyitt,Spanish
1232,AriGameplays,/arigameplays,Spanish
1233,Vicens,/vicens,Spanish
1234,blackelespanolito,/blackelespanolito,Spanish
1235,ElOjoNinja,/elojoninja,Spanish
1236,aXoZer,/axozer,Spanish
1237,ElMariana,/elmariana,Spanish
1238,ryux,/ryux,Spanish
1239,LITkillah,/litkillah,Spanish
1240,MarkitoNavaja,/markitonavaja,Spanish
1241,LaChilenaBelu,/lachilenabelu,Spanish
1242,Mixwell,/mixwell,Spanish
1243,LakshartNia,/lakshartnia,Spanish
1244,Alliege,/alliege,Spanish
1245,iaaraS2,/iaaras2,Spanish
1246,MateoZ,/mateoz,Spanish
1247,pgod,/pgod,Spanish
1248,NAKOO_Fn,/nakoo_fn,Spanish
1249,RobertoCein,/robertocein,Spanish
1250,AgenteMaxo,/agentemaxo,Spanish
1251,BarcaGamer,/barcagamer,Spanish
1252,Silithur,/silithur,Spanish
1253,ricoy23,/ricoy23,Spanish
1254,ElSpreen,/elspreen,Spanish
1255,littleragergirl,/littleragergirl,Spanish
1256,snoodyboo,/snoodyboo,Spanish
1257,ernesBarbeQ,/ernesbarbeq,Spanish
1258,xXxTheFocuSxXx,/xxxthefocusxxx,Spanish
1259,Robleis,/robleis,Spanish
1260,MrKeroro10,/mrkeroro10,Spanish
1261,Conterstine,/conterstine,Spanish
1262,tvandeR,/tvander,Spanish
1263,ElcanaldeJoaco,/elcanaldejoaco,Spanish
1264,SoyFelipez360,/soyfelipez360,Spanish
1265,LuisOrmenoa27,/luisormenoa27,Spanish
1266,orslok,/orslok,Spanish
1267,rickyedit,/rickyedit,Spanish
1268,SLAKUN10,/slakun10,Spanish
1269,Ampeterby7,/ampeterby7,Spanish
1270,natalan,/natalan,Spanish
1271,Carola,/carola,Spanish
1272,Goes_x,/goes_x,Spanish
1273,karchez,/karchez,Spanish
1274,MrSoki,/mrsoki,Spanish
1275,SNEUX,/sneux,Spanish
1276,Gemita,/gemita,Spanish
1277,Fernanfloo,/fernanfloo,Spanish
1278,Caprimint,/caprimint,Spanish
1279,NikitonipongoTV,/nikitonipongotv,Spanish
1280,DylanteroLIVE,/dylanterolive,Spanish
1281,AGBIN3R,/agbin3r,Spanish
1282,SkyshockTV,/skyshocktv,Spanish
1283,jcorko_,/jcorko_,Spanish
1284,JaggerPrincesa,/jaggerprincesa,Spanish
1285,HITBOXKING,/hitboxking,Spanish
1286,momonkunn,/momonkunn,Spanish
1287,Pimpeano,/pimpeano,Spanish
1288,unicornio,/unicornio,Spanish
1289,blanchitooo,/blanchitooo,Spanish
1290,Luzu,/luzu,Spanish
1291,DessT3,/desst3,Spanish
1292,SoyPan,/soypan,Spanish
1293,D3stri,/d3stri,Spanish
1294,momoladinastia,/momoladinastia,Spanish
1295,Wismichu,/wismichu,Spanish
1296,SmittyW,/smittyw,Spanish
1297,Milan926_,/milan926_,Spanish
1298,FlexZ,/flexz,Spanish
1299,mery_soldier,/mery_soldier,Spanish
1300,Spursito,/spursito,Spanish
1301,Shadoune666,/shadoune666,Spanish
1302,DrIgo,/drigo,Spanish
1303,Winghaven,/winghaven,Spanish
1304,okyyy,/okyyy,Spanish
1305,SofiKimmy,/sofikimmy,Spanish
1306,Tanizen,/tanizen,Spanish
1307,komanche,/komanche,Spanish
1308,Rakyz,/rakyz,Spanish
1309,8cho,/8cho,Spanish
1310,bytarifaaa,/bytarifaaa,Spanish
1311,Luken,/luken,Spanish
1312,NimuVT,/nimuvt,Spanish
1313,FarfadoxVEVO,/farfadoxvevo,Spanish
1314,JiNo_DesTroYeR,/jino_destroyer,Spanish
1315,DalasReview,/dalasreview,Spanish
1316,ElRaiderx,/elraiderx,Spanish
1317,DarkozTV,/darkoztv,Spanish
1318,Rustyk,/rustyk,Spanish
1319,xCry,/xcry,Spanish
1320,Nissaxter,/nissaxter,Spanish
1321,NickDaBooM,/nickdaboom,Spanish
1322,Slick,/slick,Spanish
1323,KhanDBL,/khandbl,Spanish
1324,Agustabell212,/agustabell212,Spanish
1325,chigre,/chigre,Spanish
1326,PipePunk,/pipepunk,Spanish
1327,chusommontero,/chusommontero,Spanish
1328,MissaSinfonia,/missasinfonia,Spanish
1329,Pato,/pato,Spanish
1330,itsRaikz,/itsraikz,Spanish
1331,dazrbn,/dazrbn,Spanish
1332,Putupau,/putupau,Spanish
1333,PituHerranz,/pituherranz,Spanish
1334,Carreraaa,/carreraaa,Spanish
1335,Makina,/makina,Spanish
1336,YOLOAVENTURAS,/yoloaventuras,Spanish
1337,GUANYAR,/guanyar,Spanish
1338,mrstiventc,/mrstiventc,Spanish
1339,cristianghost,/cristianghost,Spanish
1340,zainita,/zainita,Spanish
1341,rodsquare,/rodsquare,Spanish
1342,thedanirep,/thedanirep,Spanish
1343,santidead,/santidead,Spanish
1344,AkumaGirrl,/akumagirrl,Spanish
1345,BENIJU03,/beniju03,Spanish
1346,DrekzeNN,/drekzenn,Spanish
1347,Tuli_acosta,/tuli_acosta,Spanish
1348,Twayko,/twayko,Spanish
1349,WithZack,/withzack,Spanish
1350,TommyPervan,/tommypervan,Spanish
1351,elisawavess,/elisawavess,Spanish
1352,uLISES,/ulises,Spanish
1353,Sekiam,/sekiam,Spanish
1354,Bananirou,/bananirou,Spanish
1355,luckraok,/luckraok,Spanish
1356,Poseidon,/poseidon,Spanish
1357,MAAU,/maau,Spanish
1358,yointerneto,/yointerneto,Spanish
1359,NeutrooYT,/neutrooyt,Spanish
1360,IJenz,/ijenz,Spanish
1361,elBokeron,/elbokeron,Spanish
1362,nilojeda,/nilojeda,Spanish
1363,Kolderiu,/kolderiu,Spanish
1364,JUJALAG,/jujalag,Spanish
1365,keznit1,/keznit1,Spanish
1366,AQUINOby2002,/aquinoby2002,Spanish
1367,SirMaza,/sirmaza,Spanish
1368,DeqiuV,/deqiuv,Spanish
1369,MiiKeLMsT,/miikelmst,Spanish
1370,gtv_genesis,/gtv_genesis,Spanish
1371,selis13,/selis13,Spanish
1372,Forweark,/forweark,Spanish
1373,Eliiixy,/eliiixy,Spanish
1374,WestCOL,/westcol,Spanish
1375,IsVolcano,/isvolcano,Spanish
1376,elreyguiri_f1,/elreyguiri_f1,Spanish
1377,CH14,/ch14,Spanish
1378,DjMaRiiO,/djmariio,Spanish
1379,ELTITOSINTHO,/eltitosintho,Spanish
1380,luquitarodriguez,/luquitarodriguez,Spanish
1381,pablolunamorilla,/pablolunamorilla,Spanish
1382,drafteadosNBA,/drafteadosnba,Spanish
1383,TheDaarick28,/thedaarick28,Spanish
1384,aldo_geo,/aldo_geo,Spanish
1385,PABELLON_4,/pabellon_4,Spanish
1386,Micaelala,/micaelala,Spanish
1387,Criticas_QLS,/criticas_qls,Spanish
1388,Andypsx,/andypsx,Spanish
1389,Betra,/betra,Spanish
1390,Rufusmda,/rufusmda,Spanish
1391,Josedeodo,/josedeodo,Spanish
1392,KManu88,/kmanu88,Spanish
1393,AlphaSniper97,/alphasniper97,Spanish
1394,kingleon_oficial,/kingleon_oficial,Spanish
1395,yosoyricklive,/yosoyricklive,Spanish
1396,manutegaming,/manutegaming,Spanish
1397,Petrusco2,/petrusco2,Spanish
1398,dukissj,/dukissj,Spanish
1399,xOwNz,/xownz,Spanish
1400,c0ker,/c0ker,Spanish
1401,ObsessionTwitch,/obsessiontwitch,Spanish
1402,latesitoo,/latesitoo,Spanish
1403,SoyKolbeinn,/soykolbeinn,Spanish
1404,facudiazt,/facudiazt,Spanish
1405,HoliSofi,/holisofi,Spanish
1406,CarlosDLeon,/carlosdleon,Spanish
1407,Pompeyo4,/pompeyo4,Spanish
1408,gerard_romero,/gerard_romero,Spanish
1409,13elucky,/13elucky,Spanish
1410,Vickys_Mx,/vickys_mx,Spanish
1411,Santutu,/santutu,Spanish
1412,ManzanaSK,/manzanask,Spanish
1413,jamesr1222,/jamesr1222,Spanish
1414,alberee,/alberee,Spanish
1415,martibenza,/martibenza,Spanish
1416,GregoRossello,/gregorossello,Spanish
1417,lulignzalez,/lulignzalez,Spanish
1418,TrescoBall,/trescoball,Spanish
1419,NaachoDC,/naachodc,Spanish
1420,Esquivel_fur,/esquivel_fur,Spanish
1421,EnzoKnol,/enzoknol,Dutch
1422,Pun1shers_TV,/pun1shers_tv,Greek
1423,SnikWins,/snikwins,Greek
1424,亞洲統神,/asiagodtonegg3be0,Chinese
1425,接接,/godjj,Chinese
1426,老皮,/mobilmobil,Chinese
1427,餐餐自由配,/blusewilly_retry,Chinese
1428,殺梗,/xargon0731,Chinese
1429,狂暴老汪,/uzra,Chinese
1430,狂暴小建,/a541021,Chinese
1431,kyo1984123,/kyo1984123,Chinese
1432,蝦愛橘子,/shuteye_orange,Chinese
1433,嬌兔,/zrush,Chinese
1434,大丸,/wtf_winds123,Chinese
1435,懶貓,/failverde,Chinese
1436,NeVeR_LosEs,/never_loses,Chinese
1437,relaxing234,/relaxing234,Chinese
1438,Ko0416,/ko0416,Chinese
1439,達哥,/underground_dv,Chinese
1440,貝莉莓,/beryl_lulu,Chinese
1441,萌萌小蝶,/butterflyouo,Chinese
1442,逼比,/bebelolz,Chinese
1443,美女,/zondalol,Chinese
1444,工商巨魔,/sixwong,Chinese
1445,西門夜說,/westdoor,Chinese
1446,六希夫,/qttsix,Chinese
1447,龜狗,/sweetcampercs,Chinese
1448,蛋捲,/cawai0147,Chinese
1449,小夜夜,/albislol,Chinese
1450,木棉花官方頻道,/muse_tw,Chinese
1451,貝克,/slrabbit99,Chinese
1452,小熊,/yuniko0720,Chinese
1453,tomchen60229,/tomchen60229,Chinese
1454,超負荷,/sam1268,Chinese
1455,中信兄弟官方頻道,/brothers_baseball,Chinese
1456,林芙芙,/linfufu,Chinese
1457,踢虧,/takesipon,Chinese
1458,依渟,/et_1231,Chinese
1459,咪咪蛋,/yulihong22,Chinese
1460,鳥屎,/scspple7545,Chinese
1461,阿寧,/chiao622,Chinese
1462,MitaLiang,/mitaliang,Chinese
1463,葉子,/senyeyezi,Chinese
1464,凱琪,/aphrolin1107,Chinese
1465,阿土,/q158688920,Chinese
1466,球球,/lilballzlolz,Chinese
1467,鳳梨妹,/vickypan,Chinese
1468,湘湘です,/kannachan524,Chinese
1469,國動,/wayne75525,Chinese
1470,聶寶,/nielnieh345,Chinese
1471,勝敗難免,/ggbb528,Chinese
1472,薇薇,/weiwei610,Chinese
1473,花輪同學,/gearbaby1010,Chinese
1474,阿津,/kamiyu666,Chinese
1475,劉萱的萱,/iris522,Chinese
1476,阿森,/assentw,Chinese
1477,芝衣芝衣,/vivi0z1,Chinese
1478,無口君,/mr_wuco,Chinese
1479,肉乙,/zoe_0601,Chinese
1480,m989876525,/m989876525,Chinese
1481,珈琳,/nana803,Chinese
1482,天菜小姐,/honeyliciousss,Chinese
1483,依梨,/lebaby0v0,Chinese
1484,薛喜,/qq7925168,Chinese
1485,chiawei1031tv,/chiawei1031tv,Chinese
1486,lngliveofficial,/lngliveofficial,Chinese
1487,火暴可可,/xhibaoger,Chinese
1488,月希,/tsukilin,Chinese
1489,世誠,/bbbb87,Chinese
1490,菜喳,/zynxyz,Chinese
1491,山神レキ,/rekileggy,Chinese
1492,獅子丸,/mimiluckying,Chinese
1493,冠緯,/guanweiboy,Chinese
1494,瑞斯帝亞,/restiafps,Chinese
1495,小墨,/inkiiing,Chinese
1496,冠賢,/gunguno,Chinese
1497,哈瓜哈瓜,/jongie,Chinese
1498,皮弟,/opd_gooodoman,Chinese
1499,妮婭,/nancy840325,Chinese
1500,自私兒,/selfish77,Chinese
1501,鋼琴殺手,/khsjohnny,Chinese
1502,我是阿樂喔,/yunni0427,Chinese
1503,crazyfacetw,/crazyfacetw,Chinese
1504,綠寶,/z60411,Chinese
1505,偷米,/tommy181933,Chinese
1506,我蔣西南,/kr1stw,Chinese
1507,豆豆在這裡,/kiss_850722,Chinese
1508,老婆,/s73225200,Chinese
1509,畢格波斯,/nwbigboss,Chinese
1510,阿法,/alphagcup,Chinese
1511,小舞,/nein1203,Chinese
1512,桃園娜美,/r_1_1111,Chinese
1513,老王,/wannasinging,Chinese
1514,微風,/breeze0920,Chinese
1515,齊力斷金,/alex0920x,Chinese
1516,DJQM,/djqm,Chinese
1517,湯米,/chen810830,Chinese
1518,董哥今天不背鍋,/kentung,Chinese
1519,9QOQ,/9qoq,Chinese
1520,彩學,/tetristhegrandmaster3,Chinese
1521,小草,/luyue0929,Chinese
1522,Abby_Lu,/abby_lu,Chinese
1523,百弟弟弟,/roieee,Chinese
1524,龍武,/longwu1216,Chinese
1525,妲妲咬果凍,/dada_0124,Chinese
1526,玩樂幫,/wenlobong,Chinese
1527,我大歪頭,/waitou1117,Chinese
1528,萊斯,/lice0424,Chinese
1529,李芷婷,/zhiting_li,Chinese
1530,狗輯跳牆,/s7735061,Chinese
1531,KSPKSP,/kspksp,Chinese
1532,子喵喵,/koneko_0305,Chinese
1533,師哥好壞,/sobadrush,Chinese
1534,lilybbb1,/lilybbb1,Chinese
1535,杰倫丶,/jielun1215,Chinese
1536,54JOJO,/54jojo,Chinese
1537,鴉本為慈鳥,/jeffnam1129,Chinese
1538,滴希宇宙,/dcuniverse9487,Chinese
1539,小六,/mabushii0611,Chinese
1540,八毛,/bamow,Chinese
1541,小亮,/liang_0714,Chinese
1542,學長艾比,/luckykira,Chinese
1543,稚嫩的身體,/chang770316,Chinese
1544,小柴銓犬,/doggo0114,Chinese
1545,咪妃,/julia_lion,Chinese
1546,簡到槍,/dd87878,Chinese
1547,桑給,/lyon3k,Chinese
1548,黑大大,/bbb1017,Chinese
1549,毛,/00mao00,Chinese
1550,jackfu,/jackfu,Chinese
1551,神秘秘,/hero70538,Chinese
1552,趙兔兔,/rabbiilovey,Chinese
1553,阿信信,/kimasin888,Chinese
1554,daikai4104,/daikai4104,Chinese
1555,粒鷗滴,/zod0416,Chinese
1556,花枝炒麵,/cooldog0725,Chinese
1557,大家好我是奶哥,/whoami1408,Chinese
1558,楓棠1,/mapletom,Chinese
1559,洨叻,/mayapie1,Chinese
1560,丫布丁丁,/hipudding1223,Chinese
1561,陸子玄,/superlois0627,Chinese
1562,roxanne095,/roxanne095,Chinese
1563,魔理花,/0628marika,Chinese
1564,slamdunktw,/slamdunktw,Chinese
1565,甯寶寶,/nbb1003,Chinese
1566,炙燒鯊小,/nemuiii_,Chinese
1567,千小本,/yelleyplay,Chinese
1568,maplesports,/maplesports,Chinese
1569,taeyeon6969,/taeyeon6969,Chinese
1570,米姬,/migi_tw,Chinese
1571,黑色沙漠官方頻道,/blackdesert_tw_official,Chinese
1572,丁義,/dingding248,Chinese
1573,小舞舞です,/little5555,Chinese
1574,R_MEME,/r_meme,Chinese
1575,RakanooLive,/rakanoolive,Arabic
1576,ixxYjYxxi,/ixxyjyxxi,Arabic
1577,shongxbong,/shongxbong,Arabic
1578,iinwafqht,/iinwafqht,Arabic
1579,RuDex,/rudex,Arabic
1580,souriano,/souriano,Arabic
1581,FFearFFul,/ffearfful,Arabic
1582,spyerfrog,/spyerfrog,Arabic
1583,AiShowoo,/aishowoo,Arabic
1584,OSAMAH,/osamah,Arabic
1585,Zeeyadx,/zeeyadx,Arabic
1586,Swelyy,/swelyy,Arabic
1587,YZNSA,/yznsa,Arabic
1588,AbuSwe7l,/abuswe7l,Arabic
1589,Ahmed_show,/ahmed_show,Arabic
1590,Mythic,/mythic,Arabic
1591,GntL,/gntl,Arabic
1592,ChOpPeRz14,/chopperz14,Arabic
1593,Skelyy,/skelyy,Arabic
1594,SopFix,/sopfix,Arabic
1595,MoDy_ALASMR,/mody_alasmr,Arabic
1596,khalidLz,/khalidlz,Arabic
1597,DRAK0OLA,/drak0ola,Arabic
1598,iiUniit,/iiuniit,Arabic
1599,FaZeVIRUS__,/fazevirus__,Arabic
1600,Raed,/raed,Arabic
1601,3Gaming,/3gaming,Arabic
1602,SULAIMAN_iAi,/sulaiman_iai,Arabic
1603,Dreamerzlel,/dreamerzlel,Arabic
1604,QnDx,/qndx,Arabic
1605,iMonkey_D,/imonkey_d,Arabic
1606,AbuFal7,/abufal7,Arabic
1607,abu_abeer16,/abu_abeer16,Arabic
1608,Shake_Make,/shake_make,Arabic
1609,3alawyhd,/3alawyhd,Arabic
1610,MrFifaSA,/mrfifasa,Arabic
1611,LeoNoHero,/leonohero,Arabic
1612,mjod,/mjod,Arabic
1613,iWe11y,/iwe11y,Arabic
1614,ABOSLLO,/abosllo,Arabic
1615,OutLaaw,/outlaaw,Arabic
1616,Tasticc,/tasticc,Arabic
1617,iDew,/idew,Arabic
1618,iMo0oD,/imo0od,Arabic
1619,bu3dool,/bu3dool,Arabic
1620,al3od,/al3od,Arabic
1621,Mesh,/mesh,Arabic
1622,LLE_97,/lle_97,Arabic
1623,xSMA333,/xsma333,Arabic
1624,Q_GAMING14,/q_gaming14,Arabic
1625,ABo3aBD,/abo3abd,Arabic
1626,Faisall,/faisall,Arabic
1627,m5aoi,/m5aoi,Arabic
1628,ibrahim_dosr,/ibrahim_dosr,Arabic
1629,vQD7_,/vqd7_,Arabic
1630,iABS,/iabs,Arabic
1631,Not_Boter,/not_boter,Arabic
1632,boyMinORu,/boyminoru,Thai
1633,RebirthzTV,/rebirthztv,Thai
1634,FifaTargrean,/fifatargrean,Thai
1635,Tanxlive,/tanxlive,Thai
1636,viperdemon,/viperdemon,Thai
1637,Rubsarb,/rubsarb,Thai
1638,duckmanzch,/duckmanzch,Thai
1639,DossierChannel,/dossierchannel,Thai
1640,iamSometimes,/iamsometimes,Thai
1641,NoctisAK47,/noctisak47,Thai
1642,NaklasLIVE,/naklaslive,Thai
1643,LightFuryLF,/lightfurylf,Thai
1644,znebtv,/znebtv,Thai
1645,Daren,/daren,Thai
1646,dmt_tv,/dmt_tv,Thai
1647,DoyserLive,/doyserlive,Thai
1648,Eaddy_,/eaddy_,Thai
1649,DALUNAHH,/dalunahh,Thai
1650,Thanawatlive,/thanawatlive,Thai
1651,Patiizz,/patiizz,Thai
1652,Noardra,/noardra,Thai
1653,jamezconer,/jamezconer,Thai
1654,Jackeyy,/jackeyy,Thai
1655,Takluz,/takluz,Thai
1656,yousayIX,/yousayix,Thai
1657,23savagezzz,/23savagezzz,Thai
1658,Genghiskhanz,/genghiskhanz,Thai
1659,ALICETVx,/alicetvx,Thai
1660,toeiii,/toeiii,Thai
1661,ireenx,/ireenx,Thai
1662,BrOwnii3z,/brownii3z,Thai
1663,vanotica_,/vanotica_,Thai
1664,WFox_,/wfox_,Thai
1665,jabzdota2,/jabzdota2,Thai
1666,superbuss_,/superbuss_,Thai
1667,foxzfoxzfoxz,/foxzfoxzfoxz,Thai
1668,godmiao_,/godmiao_,Thai
1669,jacobjubjub,/jacobjubjub,Thai
1670,dapoppyy,/dapoppyy,Thai
1671,BoyBss,/boybss,Thai
1672,Crws_X10,/crws_x10,Thai
1673,Kawazoe,/kawazoe,Thai
1674,patiphan,/patiphan,Thai
1675,jjubbb,/jjubbb,Thai
1676,mitdamm,/mitdamm,Thai
1677,ArMzi,/armzi,Thai
1678,wingziie,/wingziie,Thai
1679,EmDiablo,/emdiablo,Thai
1680,wedwtf,/wedwtf,Thai
1681,ApologizeCh,/apologizech,Thai
1682,nonttanont,/nonttanont,Thai
1683,Faiar,/faiar,Romanian
1684,HGmony,/hgmony,Russian
1685,DreadzTV,/dreadztv,Russian
1686,sadd0ta,/sadd0ta,Russian
1687,SilverName,/silvername,Russian
1688,VeRsuta,/versuta,Russian
1689,WELOVEGAMES,/welovegames,Russian
1690,Stray228,/stray228,Russian
1691,bratishkinoff,/bratishkinoff,Russian
1692,buster,/buster,Russian
1693,ALOHADANCETV,/alohadancetv,Russian
1694,RedRoses11111,/redroses11111,Russian
1695,Evelone192,/evelone192,Russian
1696,C_a_k_e,/c_a_k_e,Russian
1697,ybicanoooobov,/ybicanoooobov,Russian
1698,HoneyMad,/honeymad,Russian
1699,melharucos,/melharucos,Russian
1700,Dendi,/dendi,Russian
1701,Arthas,/arthas,Russian
1702,A1taOda,/a1taoda,Russian
1703,JesusAVGN,/jesusavgn,Russian
1704,CarTmaNzbs,/cartmanzbs,Russian
1705,Recrent,/recrent,Russian
1706,cheatbanned,/cheatbanned,Russian
1707,BlackUFA,/blackufa,Russian
1708,GGwpLanaya,/ggwplanaya,Russian
1709,just_ns,/just_ns,Russian
1710,rxnexus,/rxnexus,Russian
1711,iLame,/ilame,Russian
1712,olyashaa,/olyashaa,Russian
1713,Manyrin,/manyrin,Russian
1714,Sharishaxd,/sharishaxd,Russian
1715,ceh9,/ceh9,Russian
1716,zybbr,/zybbr,Russian
1717,QRUSHcsgo,/qrushcsgo,Russian
1718,followKudes,/followkudes,Russian
1719,guit88man,/guit88man,Russian
1720,modestal,/modestal,Russian
1721,Chokoba,/chokoba,Russian
1722,pronoobicx,/pronoobicx,Russian
1723,VooDooSh,/voodoosh,Russian
1724,Dmitry_Lixxx,/dmitry_lixxx,Russian
1725,dinablin,/dinablin,Russian
1726,makataO,/makatao,Russian
1727,qSnake,/qsnake,Russian
1728,AhriNyan,/ahrinyan,Russian
1729,XaKoH,/xakoh,Russian
1730,DashaAme,/dashaame,Russian
1731,GENSYXA,/gensyxa,Russian
1732,Drainys,/drainys,Russian
1733,GodHunt,/godhunt,Russian
1734,swordbonus,/swordbonus,Russian
1735,LenaGol0vach,/lenagol0vach,Russian
1736,StRoGo,/strogo,Russian
1737,Lasqa,/lasqa,Russian
1738,illidanstr,/illidanstr,Russian
1739,IgorGHK,/igorghk,Russian
1740,KarmikKoala,/karmikkoala,Russian
1741,an_dream,/an_dream,Russian
1742,AkTep,/aktep,Russian
1743,TpaBoMaH,/tpabomah,Russian
1744,Nuke73,/nuke73,Russian
1745,CeMka,/cemka,Russian
1746,Adekvat,/adekvat,Russian
1747,PCH3LK1N,/pch3lk1n,Russian
1748,F1ashko,/f1ashko,Russian
1749,ZLOYn,/zloyn,Russian
1750,nooneboss,/nooneboss,Russian
1751,HellYeahPlay,/hellyeahplay,Russian
1752,archangel_hs,/archangel_hs,Russian
1753,TaeRss,/taerss,Russian
1754,icebergdoto,/icebergdoto,Russian
1755,UselessMouth,/uselessmouth,Russian
1756,zxcursed,/zxcursed,Russian
1757,XBOCT,/xboct,Russian
1758,QuattroAce,/quattroace,Russian
1759,BEASTQT,/beastqt,Russian
1760,mokrivskyi,/mokrivskyi,Russian
1761,JustCooman,/justcooman,Russian
1762,Daxak,/daxak,Russian
1763,Juice,/juice,Russian
1764,Brawestrowlessy,/brawestrowlessy,Russian
1765,gamelifeow,/gamelifeow,Russian
1766,VERNI_SHAVERMY,/verni_shavermy,Russian
1767,innerpsycho,/innerpsycho,Russian
1768,MistaFaker,/mistafaker,Russian
1769,1mpala,/1mpala,Russian
1770,karavay46,/karavay46,Russian
1771,orkpod,/orkpod,Russian
1772,UncleBjorn,/unclebjorn,Russian
1773,Fruktozka,/fruktozka,Russian
1774,y0nd,/y0nd,Russian
1775,Fenya,/fenya,Russian
1776,pokanoname,/pokanoname,Russian
1777,OlesyaBulletka,/olesyabulletka,Russian
1778,Dosia_csgo,/dosia_csgo,Russian
1779,vika_karter,/vika_karter,Russian
1780,TianKami,/tiankami,Russian
1781,Mulder,/mulder,Russian
1782,GN_GG,/gn_gg,Russian
1783,Twaryna,/twaryna,Russian
1784,Dunduk,/dunduk,Russian
1785,Sinedd92,/sinedd92,Russian
1786,Sh4dowehhh,/sh4dowehhh,Russian
1787,deco1tv,/deco1tv,Russian
1788,Nix,/nix,Russian
1789,des0ut,/des0ut,Russian
1790,by_Owl,/by_owl,Russian
1791,follentass,/follentass,Russian
1792,zanuda,/zanuda,Russian
1793,Crashicx,/crashicx,Russian
1794,ArtGamesLP,/artgameslp,Russian
1795,Flashynthen1ght,/flashynthen1ght,Russian
1796,BULLSEYE,/bullseye,Russian
1797,DianaRice,/dianarice,Russian
1798,Sfory,/sfory,Russian
1799,segall,/segall,Russian
1800,AiMLUL,/aimlul,Russian
1801,GeneraL_HS_,/general_hs_,Russian
1802,m3traNeo,/m3traneo,Russian
1803,fcsm_kefir,/fcsm_kefir,Russian
1804,fasoollka,/fasoollka,Russian
1805,Aunkere,/aunkere,Russian
1806,mob5tertv,/mob5tertv,Russian
1807,B_U_L_O_C_H_K_A,/b_u_l_o_c_h_k_a,Russian
1808,Spt083,/spt083,Russian
1809,Geksagen,/geksagen,Russian
1810,jamclub,/jamclub,Russian
1811,RomanovaLera,/romanovalera,Russian
1812,ekatze007,/ekatze007,Russian
1813,AlinaRinRin,/alinarinrin,Russian
1814,bratiki94,/bratiki94,Russian
1815,Insize,/insize,Russian
1816,Triplesixjoy,/triplesixjoy,Russian
1817,Anakq,/anakq,Russian
1818,Inmateoo,/inmateoo,Russian
1819,Dimill,/dimill,Russian
1820,fritterus,/fritterus,Russian
1821,elwycco,/elwycco,Russian
1822,Dragneel_FH,/dragneel_fh,Russian
1823,ELLVI,/ellvi,Russian
1824,kamikpro,/kamikpro,Russian
1825,MuMiNo,/mumino,Russian
1826,TooseFN,/toosefn,Russian
1827,fANDERCS,/fandercs,Russian
1828,SgtGrafoyni,/sgtgrafoyni,Russian
1829,QUICKHUNTIK,/quickhuntik,Russian
1830,shtan_udachi,/shtan_udachi,Russian
1831,HellLighT111,/helllight111,Russian
1832,GivingLifeTop,/givinglifetop,Russian
1833,stanyyy,/stanyyy,Russian
1834,rekvizit8bit,/rekvizit8bit,Russian
1835,ZakvielChannel,/zakvielchannel,Russian
1836,MainfinityTV,/mainfinitytv,Russian
1837,YesItsHappy,/yesitshappy,Russian
1838,FarbizzBat9,/farbizzbat9,Russian
1839,Olsior,/olsior,Russian
1840,freemok2,/freemok2,Russian
1841,pathofexilebota,/pathofexilebota,Russian
1842,Yozhyk,/yozhyk,Russian
1843,Teamless,/teamless,Russian
1844,del1ght,/del1ght,Russian
1845,9impulse,/9impulse,Russian
1846,GAECHKATM,/gaechkatm,Russian
1847,busya18plus,/busya18plus,Russian
1848,yuuechka,/yuuechka,Russian
1849,Tomatos,/tomatos,Russian
1850,streamsbyTempl,/streamsbytempl,Russian
1851,Cepreu_Inq,/cepreu_inq,Russian
1852,versoBES,/versobes,Russian
1853,tenderlybae,/tenderlybae,Russian
1854,amieloo,/amieloo,Russian
1855,JojoHF,/jojohf,Russian
1856,VISSHENKA,/visshenka,Russian
1857,Medved_ede,/medved_ede,Russian
1858,mihalina_,/mihalina_,Russian
1859,egorkreed,/egorkreed,Russian
1860,uebermarginal,/uebermarginal,Russian
1861,POKAMOLODOY,/pokamolodoy,Russian
1862,MIRWANA,/mirwana,Russian
1863,dangerlyoha,/dangerlyoha,Russian
1864,PHombie,/phombie,Russian
1865,BrowJey,/browjey,Russian
1866,steel,/steel,Russian
1867,PoliteSniper,/politesniper,Russian
1868,awfdota,/awfdota,Russian
1869,Skrolya,/skrolya,Russian
1870,MAZA4KST,/maza4kst,Russian
1871,Exileshow,/exileshow,Russian
1872,generalqw,/generalqw,Russian
1873,Pate1k,/pate1k,Russian
1874,LEBED93,/lebed93,Russian
1875,letw1k3,/letw1k3,Russian
1876,GUACAMOLEMOLLY,/guacamolemolly,Russian
1877,Millenniumeye23,/millenniumeye23,Russian
1878,GwinGlade,/gwinglade,Russian
1879,Gufovicky,/gufovicky,Russian
1880,sindicsgo,/sindicsgo,Russian
1881,koreshzy,/koreshzy,Russian
1882,Shnumi,/shnumi,Russian
1883,SpeedManq,/speedmanq,Russian
1884,shadowkekw,/shadowkekw,Russian
1885,playshelly,/playshelly,Russian
1886,RachelR,/rachelr,Russian
1887,KostbI4,/kostbi4,Russian
1888,CHR1SWAVE,/chr1swave,Russian
1889,dimaoneshot,/dimaoneshot,Russian
1890,Wrugb,/wrugb,Russian
1891,mooniverse,/mooniverse,Russian
1892,HoolyganNZRV,/hoolygannzrv,Russian
1893,liz0N,/liz0n,Russian
1894,NoProCast,/noprocast,Russian
1895,Mapke,/mapke,Russian
1896,jeensoff,/jeensoff,Russian
1897,Tixerok,/tixerok,Russian
1898,snessh,/snessh,Russian
1899,7tor,/7tor,Russian
1900,joskiyokda,/joskiyokda,Russian
1901,CMARTy,/cmarty,Russian
1902,akaStinger,/akastinger,Russian
1903,ann_ayo,/ann_ayo,Russian
1904,Wprotvbanke,/wprotvbanke,Russian
1905,bombovozoff,/bombovozoff,Russian
1906,aisumaisu,/aisumaisu,Russian
1907,magical,/magical,Russian
1908,AlcoreRU,/alcoreru,Russian
1909,SKILLZ0R1337,/skillz0r1337,Russian
1910,STANISLAW9,/stanislaw9,Russian
1911,stariy_bog,/stariy_bog,Russian
1912,Smurf_tv,/smurf_tv,Russian
1913,Kiryache32,/kiryache32,Russian
1914,paradeev1ch,/paradeev1ch,Russian
1915,VATARlS,/vatarls,Russian
1916,Kareykadasha,/kareykadasha,Russian
1917,Loru77,/loru77,Russian
1918,stikinson,/stikinson,Russian
1919,dsblf,/dsblf,Russian
1920,NyticK,/nytick,Russian
1921,Zhmil,/zhmil,Russian
1922,aihhho,/aihhho,Russian
1923,Tijoe,/tijoe,Russian
1924,KING_spb,/king_spb,Russian
1925,Zoofilini,/zoofilini,Russian
1926,iltw1,/iltw1,Russian
1927,Wanderbraun,/wanderbraun,Russian
1928,risenHAHA,/risenhaha,Russian
1929,DedBaldesh,/dedbaldesh,Russian
1930,magixx718,/magixx718,Russian
1931,anastaze,/anastaze,Russian
1932,Serious_Hitman,/serious_hitman,Russian
1933,PWGood,/pwgood,Russian
1934,ta1yo_tv,/ta1yo_tv,Japanese
1935,よむ,/englishnoob46,Japanese
1936,はんじょう,/hanjoudesu,Japanese
1937,gackt_N,/gackt_n,Japanese
1938,gamenewton,/gamenewton,Japanese
1939,焼きパン,/varvalian,Japanese
1940,もこうやで,/mokouliszt1,Japanese
1941,おにや,/oniyadayo,Japanese
1942,りりまるまる,/lilimaruriri,Japanese
1943,Rua_jp,/rua_jp,Japanese
1944,reika_kyochannel,/reika_kyochannel,Japanese
1945,CR_rion,/cr_rion,Japanese
1946,midorokun,/midorokun,Japanese
1947,Anzu_o0,/anzu_o0,Japanese
1948,revol87,/revol87,Japanese
1949,さくらみこ,/sakuramiko_hololive,Japanese
1950,toto02033,/toto02033,Japanese
1951,mmafu_,/mmafu_,Japanese
1952,ぬこまろ,/nukomaro2020,Japanese
1953,reitathefps,/reitathefps,Japanese
1954,dexyuku,/dexyuku,Japanese
1955,ロキ,/roki_ch,Japanese
1956,たらこ,/tarakotbtb,Japanese
1957,PlayerJP_,/playerjp_,Japanese
1958,MINTOSU,/mintosu,Japanese
1959,おばくん,/llydiaaa,Japanese
1960,ゆきお2,/yukiofps14,Japanese
1961,はりーシ,/hallihallihallihalli,Japanese
1962,バトラ,/batora324,Japanese
1963,あまくだり,/amakudari_duelist,Japanese
1964,ow_pepper,/ow_pepper,Japanese
1965,NAMARIKIRIN,/namarikirin,Japanese
1966,たまっち,/tamatthi,Japanese
1967,三人称,/sanninshow_3ns,Japanese
1968,apexerpinky,/apexerpinky,Japanese
1969,よしなま25歳,/yoshinama222,Japanese
1970,だるまいずごっど,/darumaisgod,Japanese
1971,実況者わいわい,/abcdyy,Japanese
1972,ShizuRinTV,/shizurintv,Japanese
1973,omitojohnny,/omitojohnny,Japanese
1974,アニャ,/ban_anya,Japanese
1975,あいせん,/isenn_jg,Japanese
1976,Gotaga,/gotaga,French
1977,ZeratoR,/zerator,French
1978,Domingo,/domingo,French
1979,Sardoche,/sardoche,French
1980,Kamet0,/kamet0,French
1981,mistermv,/mistermv,French
1982,Squeezie,/squeezie,French
1983,Locklear,/locklear,French
1984,Ponce,/ponce,French
1985,JLTomy,/jltomy,French
1986,Etoiles,/etoiles,French
1987,MoMaN,/moman,French
1988,Aiekillu,/aiekillu,French
1989,BruceGrannec,/brucegrannec,French
1990,Lapi,/lapi,French
1991,AntoineDaniel,/antoinedaniel,French
1992,MasterSnakou,/mastersnakou,French
1993,Tonton,/tonton,French
1994,GoBGG,/gobgg,French
1995,Doigby,/doigby,French
1996,Mickalow,/mickalow,French
1997,Shaunz,/shaunz,French
1998,LeBouseuh,/lebouseuh,French
1999,JeelTV,/jeeltv,French
2000,Skyyart,/skyyart,French
2001,SkyrrozTV,/skyrroztv,French
2002,chowh1,/chowh1,French
2003,WankilStudio,/wankilstudio,French
2004,LittleBigWhale,/littlebigwhale,French
2005,Maghla,/maghla,French
2006,FantaBobShow,/fantabobshow,French
2007,MrBboy45,/mrbboy45,French
2008,BOBLEGOB,/boblegob,French
2009,Joueur_du_Grenier,/joueur_du_grenier,French
2010,Xari,/xari,French
2011,BibixHD,/bibixhd,French
2012,Krayn_Live,/krayn_live,French
2013,CaMaK,/camak,French
2014,Gius,/gius,French
2015,Corobizar,/corobizar,French
2016,rhobalas_lol,/rhobalas_lol,French
2017,Kaydop,/kaydop,French
2018,JLBichouu,/jlbichouu,French
2019,DrFeelgood,/drfeelgood,French
2020,HeyarTV,/heyartv,French
2021,XEWER,/xewer,French
2022,At0mium,/at0mium,French
2023,aypierre,/aypierre,French
2024,Alexclick,/alexclick,French
2025,ImSoFresh,/imsofresh,French
2026,KennyStream,/kennystream,French
2027,Crocodyle_lol,/crocodyle_lol,French
2028,Trinity,/trinity,French
2029,Laink,/laink,French
2030,TheKAIRI78,/thekairi78,French
2031,Sir_Thomas_,/sir_thomas_,French
2032,aminematue,/aminematue,French
2033,TheGuill84,/theguill84,French
2034,Terracid,/terracid,French
2035,Jolavanille,/jolavanille,French
2036,Altair,/altair,French
2037,JLAmaru,/jlamaru,French
2038,Mushway,/mushway,French
2039,Low4n,/low4n,French
2040,Zwave69,/zwave69,French
2041,dahmien7,/dahmien7,French
2042,Anas_Off,/anas_off,French
2043,jbzzed,/jbzzed,French
2044,Teuf,/teuf,French
2045,Jirayalecochon,/jirayalecochon,French
2046,Minos,/minos,French
2047,Rivenzi,/rivenzi,French
2048,Ultia,/ultia,French
2049,NeverSayYesTwitch,/neversayyestwitch,French
2050,JeanMassiet,/jeanmassiet,French
2051,DamDamLive,/damdamlive,French
2052,Liberto,/liberto,French
2053,RebeuDeter,/rebeudeter,French
2054,Gom4rt,/gom4rt,French
2055,SackziTV,/sackzitv,French
2056,Bidule,/bidule,French
2057,Mynthos,/mynthos,French
2058,YoMax,/yomax,French
2059,Cruelladk,/cruelladk,French
2060,Nikof,/nikof,French
2061,Yann,/yann,French
2062,SuperHenryTran,/superhenrytran,French
2063,Nateos,/nateos,French
2064,Shisheyu_Mayamoto,/shisheyu_mayamoto,French
2065,samueletienne,/samueletienne,French
2066,TheVicc,/thevicc,French
2067,RocKy_,/rocky_,French
2068,PRINCE__OFF,/prince__off,French
2069,JuliaBayonetta_,/juliabayonetta_,French
2070,kinstaar,/kinstaar,French
2071,CarlJrtm,/carljrtm,French
2072,MarexLoL,/marexlol,French
2073,DVM_Medja,/dvm_medja,French
2074,AVAMind,/avamind,French
2075,Taour,/taour,French
2076,Colas_Bim,/colas_bim,French
2077,xo_trixy,/xo_trixy,French
2078,TraYtoNlol,/traytonlol,French
2079,BagheraJones,/bagherajones,French
2080,Inoxtag,/inoxtag,French
2081,SixenTv,/sixentv,French
2082,MathoX,/mathox,French
2083,JeanPormanove,/jeanpormanove,French
2084,LolyPokicake,/lolypokicake,French
2085,FairyPeak,/fairypeak,French
2086,Skite,/skite,French
2087,Andilextv,/andilextv,French
2088,JLFakemonster,/jlfakemonster,French
2089,robert87000,/robert87000,French
2090,michou_twitch,/michou_twitch,French
2091,MywTheKing,/mywtheking,French
2092,Thebenbig,/thebenbig,French
2093,RokKeks,/rokkeks,French
2094,Linca,/linca,French
2095,17BLAZX,/17blazx,French
2096,iProMx,/ipromx,French
2097,Wingobear,/wingobear,French
2098,loopooyt,/loopooyt,French
2099,Pauleta_Youtubeur,/pauleta_youtubeur,French
2100,FuuRy_Off,/fuury_off,French
2101,m4fgaming,/m4fgaming,French
2102,Pollynette,/pollynette,French
2103,Slipixxx,/slipixxx,French
2104,4zrr,/4zrr,French
2105,YoH_ViraL,/yoh_viral,French
2106,Proze,/proze,French
2107,JimmyBoyyy,/jimmyboyyy,French
2108,TwincyTV,/twincytv,French
2109,Ricadam_lol,/ricadam_lol,French
2110,Bren_TM2,/bren_tm2,French
2111,oraxe,/oraxe,French
2112,DavidLafargeOFF,/davidlafargeoff,French
2113,MahdiBa,/mahdiba,French
2114,latelierderoxane,/latelierderoxane,French
2115,Phyzikk,/phyzikk,French
2116,Mabzouel,/mabzouel,French
2117,nayte,/nayte,French
2118,Bichard,/bichard,French
2119,Guep,/guep,French
2120,Horty_,/horty_,French
2121,Kiuqsxn,/kiuqsxn,French
2122,ZANKI0H,/zanki0h,French
2123,fr_zod,/fr_zod,French
2124,Kawaboumgaop,/kawaboumgaop,French
2125,HugoDelire,/hugodelire,French
2126,Tobias,/tobias,French
2127,idreau_,/idreau_,French
2128,ESKc,/eskc,French
2129,Targamas1,/targamas1,French
2130,Cabochardlol,/cabochardlol,French
2131,YassEncore,/yassencore,French
2132,Sushint,/sushint,French
2133,GameIntervention_,/gameintervention_,French
2134,Melchior,/melchior,French
2135,AyzenLr,/ayzenlr,French
2136,FuzeIII,/fuzeiii,French
2137,Depielo,/depielo,French
2138,LaureBV,/laurebv,French
2139,saken_lol,/saken_lol,French
2140,davymourier,/davymourier,French
2141,Itaah,/itaah,French
2142,ColmanLegrand,/colmanlegrand,French
2143,usul2000,/usul2000,French
2144,Hycks_,/hycks_,French
2145,AztraL,/aztral,French
2146,Snaptrox,/snaptrox,French
2147,Tado87,/tado87,French
2148,Mannylesprit,/mannylesprit,French
2149,Koumoo,/koumoo,French
2150,gamingiserois,/gamingiserois,French
2151,Micode,/micode,French
2152,Airwaks,/airwaks,French
2153,fares_salvatoree,/fares_salvatoree,French
2154,mcflyetcarlito,/mcflyetcarlito,French
2155,TrashTalkFr,/trashtalkfr,French
2156,fps_shaka,/fps_shaka,japanese
2157,stylishnoob4,/stylishnoob4,japanese
2158,SPYGEA,/spygea,japanese
2159,yamatonjp,/yamatonjp,japanese
2160,加藤純一です,/kato_junichi0817,japanese
2161,Jasper7se,/jasper7se,japanese
2162,alelu,/alelu,japanese
2163,スタンミ,/sutanmi,japanese
2164,DaigoTheBeasTV,/daigothebeastv,japanese
2165,恭一郎,/dmf_kyochan,japanese
2166,しゃるる,/syaruru3,japanese
2167,momochoco,/momochoco,japanese
2168,finalfantasyxiv,/finalfantasyxiv,japanese
2169,らいじん,/alfrea,japanese
2170,蛇足,/dasoku_aniki,japanese
2171,sasatikk,/sasatikk,japanese
2172,たぬき忍者,/tanukininja,japanese
2173,clutch_fii,/clutch_fii,japanese
2174,Killin9Hit,/killin9hit,japanese
2175,sakonoko_game,/sakonoko_game,japanese
2176,するがモンキー,/surugamonkey0113,japanese
2177,らっだぁ,/raderaderader,japanese
2178,HiNas3,/hinas3,japanese
2179,むかい,/dtn_mukai,japanese
2180,matsuri_hs,/matsuri_hs,japanese
2181,rhizomatiks,/rhizomatiks,japanese
2182,ろびんびん,/detonator_robin,japanese
2183,なぎさっち,/nagisatty,japanese
2184,ShoboSuke,/shobosuke,japanese
2185,fps_leia,/fps_leia,japanese
2186,nemo_good,/nemo_good,japanese
2187,渋谷ハル,/shibuyahal,japanese
2188,しんじさん,/shinjifromjapanxd,japanese
2189,ホロン,/holonsc2,japanese
2190,ねろちゃんん,/zackdnerrr,japanese
2191,k4sen,/k4sen,japanese
2192,Lazvell,/lazvell,japanese
2193,go_tsukishima,/go_tsukishima,japanese
2194,きのののののの,/sipskino,japanese
2195,ぐちつぼ,/gutitubo,japanese
2196,nniru,/nniru,japanese
2197,tkch_taisyou,/tkch_taisyou,japanese
2198,げんぴょん,/genzin,japanese
2199,世界の屁こき隊,/hekokitaiworld,japanese
2200,Ryzme,/ryzme,japanese
2201,蒼汁,/aojiru2581,japanese
2202,永井博之,/piro0520,japanese
2203,あろええ,/a_roe,japanese
2204,yunocy,/yunocy,japanese
2205,triosk,/triosk,japanese
